,img_date,img_path,short_term_span,short_term,long_term,nn_short_term_span,nn_short_term,nn_long_term,models agree
0,2021-11-04 08:01:00,/Volumes/wellington/projects/radon_monitor/data/hourly_tests/test_11-04-2021_0801.png,1.0,2.91,3.67,1.0,2.91,3.67,True
1,2021-11-04 09:02:00,/Volumes/wellington/projects/radon_monitor/data/hourly_tests/test_11-04-2021_0902.png,7.0,4.1,3.67,7.0,4.1,3.67,True
2,2021-11-04 10:03:00,/Volumes/wellington/projects/radon_monitor/data/hourly_tests/test_11-04-2021_1003.png,1.0,2.94,3.67,1.0,2.94,3.67,True
3,2021-11-04 11:04:00,/Volumes/wellington/projects/radon_monitor/data/hourly_tests/test_11-04-2021_1104.png,1.0,3.0,3.67,1.0,3.0,3.67,True
4,2021-11-04 12:05:00,/Volumes/wellington/projects/radon_monitor/data/hourly_tests/test_11-04-2021_1205.png,7.0,4.1,3.67,7.0,4.1,3.67,True
5,2021-11-04 13:06:00,/Volumes/wellington/projects/radon_monitor/data/hourly_tests/test_11-04-2021_1306.png,1.0,2.72,3.67,1.0,2.72,3.67,True
6,2021-11-04 14:07:00,/Volumes/wellington/projects/radon_monitor/data/hourly_tests/test_11-04-2021_1407.png,7.0,4.1,3.67,7.0,4.1,3.67,True
7,2021-11-04 15:08:00,/Volumes/wellington/projects/radon_monitor/data/hourly_tests/test_11-04-2021_1508.png,7.0,3.81,3.64,7.0,3.81,3.64,True
8,2021-11-04 16:09:00,/Volumes/wellington/projects/radon_monitor/data/hourly_tests/test_11-04-2021_1609.png,1.0,2.67,3.64,1.0,2.67,3.64,True
9,2021-11-04 22:40:00,/Volumes/wellington/projects/radon_monitor/data/hourly_tests/tests_11-04-2021_2240.png,1.0,2.18,3.64,1.0,2.18,3.64,True
10,2021-11-04 23:41:00,/Volumes/wellington/projects/radon_monitor/data/hourly_tests/tests_11-04-2021_2341.png,7.0,3.81,3.64,7.0,3.81,3.64,True
11,2021-11-05 00:42:00,/Volumes/wellington/projects/radon_monitor/data/hourly_tests/tests_11-05-2021_0042.png,7.0,3.81,3.64,7.0,3.81,3.64,True
12,2021-11-05 01:43:00,/Volumes/wellington/projects/radon_monitor/data/hourly_tests/tests_11-05-2021_0143.png,1.0,3.18,3.64,1.0,3.18,3.64,True
13,2021-11-05 02:44:00,/Volumes/wellington/projects/radon_monitor/data/hourly_tests/tests_11-05-2021_0244.png,1.0,3.94,3.64,1.0,3.94,3.64,True
14,2021-11-05 03:45:00,/Volumes/wellington/projects/radon_monitor/data/hourly_tests/tests_11-05-2021_0345.png,7.0,3.81,3.64,7.0,3.81,3.64,True
15,2021-11-05 04:46:00,/Volumes/wellington/projects/radon_monitor/data/hourly_tests/tests_11-05-2021_0446.png,7.0,3.81,3.64,7.0,3.81,3.64,True
16,2021-11-05 05:47:00,/Volumes/wellington/projects/radon_monitor/data/hourly_tests/tests_11-05-2021_0547.png,1.0,5.72,3.64,1.0,5.72,3.64,True
17,2021-11-05 06:48:00,/Volumes/wellington/projects/radon_monitor/data/hourly_tests/tests_11-05-2021_0648.png,7.0,3.81,3.64,7.0,3.81,3.64,True
18,2021-11-05 07:49:00,/Volumes/wellington/projects/radon_monitor/data/hourly_tests/tests_11-05-2021_0749.png,1.0,6.05,3.64,1.0,6.05,3.64,True
19,2021-11-05 08:50:00,/Volumes/wellington/projects/radon_monitor/data/hourly_tests/tests_11-05-2021_0850.png,7.0,3.81,3.64,7.0,3.81,3.64,True
20,2021-11-05 09:51:00,/Volumes/wellington/projects/radon_monitor/data/hourly_tests/tests_11-05-2021_0951.png,7.0,3.81,3.64,7.0,3.81,3.64,True
21,2021-11-05 10:52:00,/Volumes/wellington/projects/radon_monitor/data/hourly_tests/tests_11-05-2021_1052.png,1.0,6.13,3.64,1.0,6.13,3.64,True
22,2021-11-05 11:52:00,/Volumes/wellington/projects/radon_monitor/data/hourly_tests/tests_11-05-2021_1152.png,7.0,3.81,3.64,7.0,3.81,3.64,True
23,2021-11-05 12:53:00,/Volumes/wellington/projects/radon_monitor/data/hourly_tests/tests_11-05-2021_1253.png,1.0,6.67,3.64,1.0,6.67,3.64,True
24,2021-11-05 13:54:00,/Volumes/wellington/projects/radon_monitor/data/hourly_tests/tests_11-05-2021_1354.png,1.0,6.64,3.64,1.0,6.64,3.64,True
25,2021-11-05 14:55:00,/Volumes/wellington/projects/radon_monitor/data/hourly_tests/tests_11-05-2021_1455.png,7.0,3.97,3.67,7.0,3.97,3.67,True
26,2021-11-05 19:13:00,/Volumes/wellington/projects/radon_monitor/data/hourly_tests/tests_11-05-2021_1913.png,1.0,6.56,3.67,1.0,6.56,3.67,True
27,2021-11-05 19:19:00,/Volumes/wellington/projects/radon_monitor/data/hourly_tests/tests_11-05-2021_1919.png,7.0,3.97,3.67,7.0,3.97,3.67,True
28,2021-11-05 20:20:00,/Volumes/wellington/projects/radon_monitor/data/hourly_tests/tests_11-05-2021_2020.png,7.0,3.97,3.67,7.0,3.97,3.67,True
29,2021-11-05 21:21:00,/Volumes/wellington/projects/radon_monitor/data/hourly_tests/tests_11-05-2021_2121.png,1.0,7.05,3.67,1.0,7.05,3.67,True
30,2021-11-05 22:22:00,/Volumes/wellington/projects/radon_monitor/data/hourly_tests/tests_11-05-2021_2222.png,7.0,3.57,3.67,7.0,3.97,3.67,False
31,2021-11-05 23:23:00,/Volumes/wellington/projects/radon_monitor/data/hourly_tests/tests_11-05-2021_2323.png,1.0,6.81,3.67,1.0,6.81,3.67,True
32,2021-11-06 00:24:00,/Volumes/wellington/projects/radon_monitor/data/hourly_tests/tests_11-06-2021_0024.png,1.0,7.13,3.67,1.0,7.13,3.67,True
33,2021-11-06 01:25:00,/Volumes/wellington/projects/radon_monitor/data/hourly_tests/tests_11-06-2021_0125.png,7.0,3.97,3.67,7.0,3.97,3.67,True
34,2021-11-06 02:26:00,/Volumes/wellington/projects/radon_monitor/data/hourly_tests/tests_11-06-2021_0226.png,1.0,6.51,3.67,1.0,6.51,3.67,True
35,2021-11-06 03:27:00,/Volumes/wellington/projects/radon_monitor/data/hourly_tests/tests_11-06-2021_0327.png,7.0,3.97,3.67,7.0,3.97,3.67,True
36,2021-11-06 04:28:00,/Volumes/wellington/projects/radon_monitor/data/hourly_tests/tests_11-06-2021_0428.png,7.0,3.97,3.67,7.0,3.97,3.67,True
37,2021-11-06 05:29:00,/Volumes/wellington/projects/radon_monitor/data/hourly_tests/tests_11-06-2021_0529.png,1.0,5.51,3.67,1.0,5.51,3.67,True
38,2021-11-06 06:30:00,/Volumes/wellington/projects/radon_monitor/data/hourly_tests/tests_11-06-2021_0630.png,7.0,3.97,3.67,7.0,3.97,3.67,True
39,2021-11-06 07:31:00,/Volumes/wellington/projects/radon_monitor/data/hourly_tests/tests_11-06-2021_0731.png,1.0,5.77,3.67,1.0,5.77,3.67,True
40,2021-11-06 08:32:00,/Volumes/wellington/projects/radon_monitor/data/hourly_tests/tests_11-06-2021_0832.png,7.0,3.97,3.67,7.0,3.97,3.67,True
41,2021-11-06 09:32:00,/Volumes/wellington/projects/radon_monitor/data/hourly_tests/tests_11-06-2021_0932.png,7.0,3.97,3.67,7.0,3.97,3.67,True
42,2021-11-06 10:33:00,/Volumes/wellington/projects/radon_monitor/data/hourly_tests/tests_11-06-2021_1033.png,1.0,6.1,3.67,1.0,6.1,3.67,True
43,2021-11-06 11:34:00,/Volumes/wellington/projects/radon_monitor/data/hourly_tests/tests_11-06-2021_1134.png,1.0,5.83,3.67,1.0,5.83,3.67,True
44,2021-11-06 12:35:00,/Volumes/wellington/projects/radon_monitor/data/hourly_tests/tests_11-06-2021_1235.png,1.0,5.4,3.67,1.0,5.4,3.67,True
45,2021-11-06 13:36:00,/Volumes/wellington/projects/radon_monitor/data/hourly_tests/tests_11-06-2021_1336.png,1.0,5.54,3.67,1.0,5.54,3.67,True
46,2021-11-06 14:37:00,/Volumes/wellington/projects/radon_monitor/data/hourly_tests/tests_11-06-2021_1437.png,7.0,3.97,3.67,7.0,3.97,3.67,True
47,2021-11-06 15:38:00,/Volumes/wellington/projects/radon_monitor/data/hourly_tests/tests_11-06-2021_1538.png,1.0,5.78,3.67,1.0,5.78,3.67,True
48,2021-11-06 16:39:00,/Volumes/wellington/projects/radon_monitor/data/hourly_tests/tests_11-06-2021_1639.png,1.0,5.89,3.67,1.0,5.89,3.67,True
49,2021-11-06 19:30:00,/Volumes/wellington/projects/radon_monitor/data/hourly_tests/tests_11-06-2021_1930.png,1.0,5.37,3.67,1.0,5.37,3.67,True
50,2021-11-06 20:31:00,/Volumes/wellington/projects/radon_monitor/data/hourly_tests/tests_11-06-2021_2031.png,1.0,4.72,3.67,1.0,4.72,3.67,True
51,2021-11-06 21:32:00,/Volumes/wellington/projects/radon_monitor/data/hourly_tests/tests_11-06-2021_2132.png,,,,,,,
52,2021-11-06 22:32:00,/Volumes/wellington/projects/radon_monitor/data/hourly_tests/tests_11-06-2021_2232.png,,,,,,,
53,2021-11-06 23:33:00,/Volumes/wellington/projects/radon_monitor/data/hourly_tests/tests_11-06-2021_2333.png,,,,,,,
54,2021-11-07 00:34:00,/Volumes/wellington/projects/radon_monitor/data/hourly_tests/tests_11-07-2021_0034.png,,,,,,,
55,2021-11-07 01:35:00,/Volumes/wellington/projects/radon_monitor/data/hourly_tests/tests_11-07-2021_0135.png,,,,,,,
56,2021-11-07 01:36:00,/Volumes/wellington/projects/radon_monitor/data/hourly_tests/tests_11-07-2021_0136.png,,,,,,,
57,2021-11-07 02:37:00,/Volumes/wellington/projects/radon_monitor/data/hourly_tests/tests_11-07-2021_0237.png,,,,,,,
58,2021-11-07 03:38:00,/Volumes/wellington/projects/radon_monitor/data/hourly_tests/tests_11-07-2021_0338.png,,,,,,,
59,2021-11-07 04:39:00,/Volumes/wellington/projects/radon_monitor/data/hourly_tests/tests_11-07-2021_0439.png,,,,,,,
60,2021-11-07 05:40:00,/Volumes/wellington/projects/radon_monitor/data/hourly_tests/tests_11-07-2021_0540.png,,,,,,,
61,2021-11-07 06:41:00,/Volumes/wellington/projects/radon_monitor/data/hourly_tests/tests_11-07-2021_0641.png,,,,,,,
62,2021-11-07 07:42:00,/Volumes/wellington/projects/radon_monitor/data/hourly_tests/tests_11-07-2021_0742.png,,,,,,,
63,2021-11-07 08:43:00,/Volumes/wellington/projects/radon_monitor/data/hourly_tests/tests_11-07-2021_0843.png,,,,,,,
64,2021-11-07 09:44:00,/Volumes/wellington/projects/radon_monitor/data/hourly_tests/tests_11-07-2021_0944.png,,,,,,,
65,2021-11-07 10:45:00,/Volumes/wellington/projects/radon_monitor/data/hourly_tests/tests_11-07-2021_1045.png,,,,,,,
66,2021-11-07 11:46:00,/Volumes/wellington/projects/radon_monitor/data/hourly_tests/tests_11-07-2021_1146.png,,,,,,,
67,2021-11-07 12:47:00,/Volumes/wellington/projects/radon_monitor/data/hourly_tests/tests_11-07-2021_1247.png,,,,,,,
68,2021-11-07 13:48:00,/Volumes/wellington/projects/radon_monitor/data/hourly_tests/tests_11-07-2021_1348.png,,,,,,,
69,2021-11-07 14:49:00,/Volumes/wellington/projects/radon_monitor/data/hourly_tests/tests_11-07-2021_1449.png,,,,,,,
70,2021-11-07 15:50:00,/Volumes/wellington/projects/radon_monitor/data/hourly_tests/tests_11-07-2021_1550.png,,,,,,,
71,2021-11-07 16:51:00,/Volumes/wellington/projects/radon_monitor/data/hourly_tests/tests_11-07-2021_1651.png,,,,,,,
72,2021-11-07 17:50:00,/Volumes/wellington/projects/radon_monitor/data/hourly_tests/tests_11-07-2021_1750.png,,,,,,,
73,2021-11-07 18:51:00,/Volumes/wellington/projects/radon_monitor/data/hourly_tests/tests_11-07-2021_1851.png,,,,,,,
74,2021-11-07 19:52:00,/Volumes/wellington/projects/radon_monitor/data/hourly_tests/tests_11-07-2021_1952.png,,,,,,,
75,2021-11-07 20:53:00,/Volumes/wellington/projects/radon_monitor/data/hourly_tests/tests_11-07-2021_2053.png,,,,,,,
76,2021-11-07 21:54:00,/Volumes/wellington/projects/radon_monitor/data/hourly_tests/tests_11-07-2021_2154.png,,,,,,,
77,2021-11-07 22:55:00,/Volumes/wellington/projects/radon_monitor/data/hourly_tests/tests_11-07-2021_2255.png,,,,,,,
78,2021-11-07 23:56:00,/Volumes/wellington/projects/radon_monitor/data/hourly_tests/tests_11-07-2021_2356.png,,,,,,,
79,2021-11-08 00:57:00,/Volumes/wellington/projects/radon_monitor/data/hourly_tests/tests_11-08-2021_0057.png,,,,,,,
80,2021-11-08 01:58:00,/Volumes/wellington/projects/radon_monitor/data/hourly_tests/tests_11-08-2021_0158.png,,,,,,,
81,2021-11-08 02:59:00,/Volumes/wellington/projects/radon_monitor/data/hourly_tests/tests_11-08-2021_0259.png,,,,,,,
82,2021-11-08 03:59:00,/Volumes/wellington/projects/radon_monitor/data/hourly_tests/tests_11-08-2021_0359.png,,,,,,,
83,2021-11-08 05:00:00,/Volumes/wellington/projects/radon_monitor/data/hourly_tests/tests_11-08-2021_0500.png,,,,,,,
84,2021-11-08 06:01:00,/Volumes/wellington/projects/radon_monitor/data/hourly_tests/tests_11-08-2021_0601.png,,,,,,,
85,2021-11-08 07:02:00,/Volumes/wellington/projects/radon_monitor/data/hourly_tests/tests_11-08-2021_0702.png,,,,,,,
86,2021-11-08 08:03:00,/Volumes/wellington/projects/radon_monitor/data/hourly_tests/tests_11-08-2021_0803.png,,,,,,,
87,2021-11-08 09:04:00,/Volumes/wellington/projects/radon_monitor/data/hourly_tests/tests_11-08-2021_0904.png,,,,,,,
88,2021-11-08 10:05:00,/Volumes/wellington/projects/radon_monitor/data/hourly_tests/tests_11-08-2021_1005.png,,,,,,,
89,2021-11-08 11:06:00,/Volumes/wellington/projects/radon_monitor/data/hourly_tests/tests_11-08-2021_1106.png,,,,,,,
90,2021-11-08 12:07:00,/Volumes/wellington/projects/radon_monitor/data/hourly_tests/tests_11-08-2021_1207.png,,,,,,,
91,2021-11-08 13:08:00,/Volumes/wellington/projects/radon_monitor/data/hourly_tests/tests_11-08-2021_1308.png,,,,,,,
92,2021-11-08 14:09:00,/Volumes/wellington/projects/radon_monitor/data/hourly_tests/tests_11-08-2021_1409.png,,,,,,,
93,2021-11-08 15:10:00,/Volumes/wellington/projects/radon_monitor/data/hourly_tests/tests_11-08-2021_1510.png,,,,,,,
94,2021-11-08 16:11:00,/Volumes/wellington/projects/radon_monitor/data/hourly_tests/tests_11-08-2021_1611.png,,,,,,,
95,2021-11-11 20:28:00,/Volumes/wellington/projects/radon_monitor/data/hourly_tests/tests_11-11-2021_2028.png,,,,,,,
96,2021-11-11 21:29:00,/Volumes/wellington/projects/radon_monitor/data/hourly_tests/tests_11-11-2021_2129.png,,,,,,,
97,2021-11-11 22:30:00,/Volumes/wellington/projects/radon_monitor/data/hourly_tests/tests_11-11-2021_2230.png,,,,,,,
98,2021-11-11 23:31:00,/Volumes/wellington/projects/radon_monitor/data/hourly_tests/tests_11-11-2021_2331.png,,,,,,,
99,2021-11-12 00:32:00,/Volumes/wellington/projects/radon_monitor/data/hourly_tests/tests_11-12-2021_0032.png,,,,,,,
100,2021-11-12 01:33:00,/Volumes/wellington/projects/radon_monitor/data/hourly_tests/tests_11-12-2021_0133.png,,,,,,,
101,2021-11-12 02:34:00,/Volumes/wellington/projects/radon_monitor/data/hourly_tests/tests_11-12-2021_0234.png,,,,,,,
102,2021-11-12 03:35:00,/Volumes/wellington/projects/radon_monitor/data/hourly_tests/tests_11-12-2021_0335.png,,,,,,,
103,2021-11-12 04:36:00,/Volumes/wellington/projects/radon_monitor/data/hourly_tests/tests_11-12-2021_0436.png,,,,,,,
104,2021-11-12 05:36:00,/Volumes/wellington/projects/radon_monitor/data/hourly_tests/tests_11-12-2021_0536.png,,,,,,,
105,2021-11-12 06:38:00,/Volumes/wellington/projects/radon_monitor/data/hourly_tests/tests_11-12-2021_0638.png,,,,,,,
106,2021-11-12 07:38:00,/Volumes/wellington/projects/radon_monitor/data/hourly_tests/tests_11-12-2021_0738.png,,,,,,,
107,2021-11-12 08:39:00,/Volumes/wellington/projects/radon_monitor/data/hourly_tests/tests_11-12-2021_0839.png,,,,,,,
108,2021-11-12 09:41:00,/Volumes/wellington/projects/radon_monitor/data/hourly_tests/tests_11-12-2021_0941.png,,,,,,,
109,2021-11-12 10:42:00,/Volumes/wellington/projects/radon_monitor/data/hourly_tests/tests_11-12-2021_1042.png,,,,,,,
110,2021-11-12 11:42:00,/Volumes/wellington/projects/radon_monitor/data/hourly_tests/tests_11-12-2021_1142.png,,,,,,,
111,2021-11-12 12:43:00,/Volumes/wellington/projects/radon_monitor/data/hourly_tests/tests_11-12-2021_1243.png,,,,,,,
112,2021-11-12 13:45:00,/Volumes/wellington/projects/radon_monitor/data/hourly_tests/tests_11-12-2021_1345.png,,,,,,,
113,2021-11-12 14:46:00,/Volumes/wellington/projects/radon_monitor/data/hourly_tests/tests_11-12-2021_1446.png,,,,,,,
114,2021-11-12 15:46:00,/Volumes/wellington/projects/radon_monitor/data/hourly_tests/tests_11-12-2021_1546.png,,,,,,,
115,2021-11-12 16:47:00,/Volumes/wellington/projects/radon_monitor/data/hourly_tests/tests_11-12-2021_1647.png,,,,,,,
116,2021-11-13 09:58:00,/Volumes/wellington/projects/radon_monitor/data/hourly_tests/tests_11-13-2021_0958.png,,,,,,,
117,2021-11-13 10:59:00,/Volumes/wellington/projects/radon_monitor/data/hourly_tests/tests_11-13-2021_1059.png,,,,,,,
118,2021-11-13 12:00:00,/Volumes/wellington/projects/radon_monitor/data/hourly_tests/tests_11-13-2021_1200.png,,,,,,,
119,2021-11-13 13:01:00,/Volumes/wellington/projects/radon_monitor/data/hourly_tests/tests_11-13-2021_1301.png,,,,,,,
120,2021-11-13 14:02:00,/Volumes/wellington/projects/radon_monitor/data/hourly_tests/tests_11-13-2021_1402.png,,,,,,,
121,2021-11-13 15:03:00,/Volumes/wellington/projects/radon_monitor/data/hourly_tests/tests_11-13-2021_1503.png,,,,,,,
122,2021-11-13 16:04:00,/Volumes/wellington/projects/radon_monitor/data/hourly_tests/tests_11-13-2021_1604.png,,,,,,,
123,2021-11-13 21:47:00,/Volumes/wellington/projects/radon_monitor/data/hourly_tests/tests_11-13-2021_2147.png,,,,,,,
124,2021-11-13 22:48:00,/Volumes/wellington/projects/radon_monitor/data/hourly_tests/tests_11-13-2021_2248.png,,,,,,,
125,2021-11-13 23:49:00,/Volumes/wellington/projects/radon_monitor/data/hourly_tests/tests_11-13-2021_2349.png,,,,,,,
126,2021-11-14 00:50:00,/Volumes/wellington/projects/radon_monitor/data/hourly_tests/tests_11-14-2021_0050.png,,,,,,,
127,2021-11-14 01:51:00,/Volumes/wellington/projects/radon_monitor/data/hourly_tests/tests_11-14-2021_0151.png,,,,,,,
128,2021-11-14 02:52:00,/Volumes/wellington/projects/radon_monitor/data/hourly_tests/tests_11-14-2021_0252.png,,,,,,,
129,2021-11-14 03:53:00,/Volumes/wellington/projects/radon_monitor/data/hourly_tests/tests_11-14-2021_0353.png,,,,,,,
130,2021-11-14 04:54:00,/Volumes/wellington/projects/radon_monitor/data/hourly_tests/tests_11-14-2021_0454.png,,,,,,,
131,2021-11-14 05:55:00,/Volumes/wellington/projects/radon_monitor/data/hourly_tests/tests_11-14-2021_0555.png,,,,,,,
132,2021-11-14 06:56:00,/Volumes/wellington/projects/radon_monitor/data/hourly_tests/tests_11-14-2021_0656.png,,,,,,,
133,2021-11-14 07:57:00,/Volumes/wellington/projects/radon_monitor/data/hourly_tests/tests_11-14-2021_0757.png,,,,,,,
134,2021-11-14 08:58:00,/Volumes/wellington/projects/radon_monitor/data/hourly_tests/tests_11-14-2021_0858.png,,,,,,,
135,2021-11-14 09:59:00,/Volumes/wellington/projects/radon_monitor/data/hourly_tests/tests_11-14-2021_0959.png,,,,,,,
136,2021-11-14 10:59:00,/Volumes/wellington/projects/radon_monitor/data/hourly_tests/tests_11-14-2021_1059.png,,,,,,,
137,2021-11-14 12:01:00,/Volumes/wellington/projects/radon_monitor/data/hourly_tests/tests_11-14-2021_1201.png,,,,,,,
138,2021-11-14 13:01:00,/Volumes/wellington/projects/radon_monitor/data/hourly_tests/tests_11-14-2021_1301.png,,,,,,,
139,2021-11-14 14:02:00,/Volumes/wellington/projects/radon_monitor/data/hourly_tests/tests_11-14-2021_1402.png,,,,,,,
140,2021-11-14 15:03:00,/Volumes/wellington/projects/radon_monitor/data/hourly_tests/tests_11-14-2021_1503.png,,,,,,,
141,2021-11-14 16:04:00,/Volumes/wellington/projects/radon_monitor/data/hourly_tests/tests_11-14-2021_1604.png,,,,,,,
142,2021-11-14 17:05:00,/Volumes/wellington/projects/radon_monitor/data/hourly_tests/tests_11-14-2021_1705.png,,,,,,,
143,2021-11-14 18:06:00,/Volumes/wellington/projects/radon_monitor/data/hourly_tests/tests_11-14-2021_1806.png,,,,,,,
144,2021-11-14 19:07:00,/Volumes/wellington/projects/radon_monitor/data/hourly_tests/tests_11-14-2021_1907.png,,,,,,,
145,2021-11-15 17:34:00,/Volumes/wellington/projects/radon_monitor/data/hourly_tests/tests_11-15-2021_1734.png,,,,,,,
146,2021-11-15 18:35:00,/Volumes/wellington/projects/radon_monitor/data/hourly_tests/tests_11-15-2021_1835.png,,,,,,,
147,2021-11-15 19:36:00,/Volumes/wellington/projects/radon_monitor/data/hourly_tests/tests_11-15-2021_1936.png,,,,,,,
148,2021-11-15 20:37:00,/Volumes/wellington/projects/radon_monitor/data/hourly_tests/tests_11-15-2021_2037.png,,,,,,,
149,2021-11-15 21:38:00,/Volumes/wellington/projects/radon_monitor/data/hourly_tests/tests_11-15-2021_2138.png,,,,,,,
150,2021-11-15 22:39:00,/Volumes/wellington/projects/radon_monitor/data/hourly_tests/tests_11-15-2021_2239.png,,,,,,,
151,2021-11-15 23:40:00,/Volumes/wellington/projects/radon_monitor/data/hourly_tests/tests_11-15-2021_2340.png,,,,,,,
152,2021-11-16 00:41:00,/Volumes/wellington/projects/radon_monitor/data/hourly_tests/tests_11-16-2021_0041.png,,,,,,,
153,2021-11-16 01:42:00,/Volumes/wellington/projects/radon_monitor/data/hourly_tests/tests_11-16-2021_0142.png,,,,,,,
154,2021-11-16 02:43:00,/Volumes/wellington/projects/radon_monitor/data/hourly_tests/tests_11-16-2021_0243.png,,,,,,,
155,2021-11-16 03:44:00,/Volumes/wellington/projects/radon_monitor/data/hourly_tests/tests_11-16-2021_0344.png,,,,,,,
156,2021-11-16 04:45:00,/Volumes/wellington/projects/radon_monitor/data/hourly_tests/tests_11-16-2021_0445.png,,,,,,,
157,2021-11-16 05:46:00,/Volumes/wellington/projects/radon_monitor/data/hourly_tests/tests_11-16-2021_0546.png,,,,,,,
158,2021-11-16 06:47:00,/Volumes/wellington/projects/radon_monitor/data/hourly_tests/tests_11-16-2021_0647.png,,,,,,,
159,2021-11-16 07:48:00,/Volumes/wellington/projects/radon_monitor/data/hourly_tests/tests_11-16-2021_0748.png,,,,,,,
160,2021-11-16 08:49:00,/Volumes/wellington/projects/radon_monitor/data/hourly_tests/tests_11-16-2021_0849.png,,,,,,,
161,2021-11-16 09:49:00,/Volumes/wellington/projects/radon_monitor/data/hourly_tests/tests_11-16-2021_0949.png,,,,,,,
162,2021-11-16 10:50:00,/Volumes/wellington/projects/radon_monitor/data/hourly_tests/tests_11-16-2021_1050.png,,,,,,,
163,2021-11-16 11:51:00,/Volumes/wellington/projects/radon_monitor/data/hourly_tests/tests_11-16-2021_1151.png,,,,,,,
164,2021-11-16 12:52:00,/Volumes/wellington/projects/radon_monitor/data/hourly_tests/tests_11-16-2021_1252.png,,,,,,,
165,2021-11-16 13:53:00,/Volumes/wellington/projects/radon_monitor/data/hourly_tests/tests_11-16-2021_1353.png,,,,,,,
166,2021-11-16 14:54:00,/Volumes/wellington/projects/radon_monitor/data/hourly_tests/tests_11-16-2021_1454.png,,,,,,,
167,2021-11-16 15:55:00,/Volumes/wellington/projects/radon_monitor/data/hourly_tests/tests_11-16-2021_1555.png,,,,,,,
168,2021-11-16 16:56:00,/Volumes/wellington/projects/radon_monitor/data/hourly_tests/tests_11-16-2021_1656.png,,,,,,,
169,2021-11-16 17:57:00,/Volumes/wellington/projects/radon_monitor/data/hourly_tests/tests_11-16-2021_1757.png,,,,,,,
170,2021-11-16 18:58:00,/Volumes/wellington/projects/radon_monitor/data/hourly_tests/tests_11-16-2021_1858.png,,,,,,,
171,2021-11-16 19:59:00,/Volumes/wellington/projects/radon_monitor/data/hourly_tests/tests_11-16-2021_1959.png,,,,,,,
172,2021-11-16 21:00:00,/Volumes/wellington/projects/radon_monitor/data/hourly_tests/tests_11-16-2021_2100.png,,,,,,,
173,2021-11-16 22:01:00,/Volumes/wellington/projects/radon_monitor/data/hourly_tests/tests_11-16-2021_2201.png,,,,,,,
174,2021-11-16 23:02:00,/Volumes/wellington/projects/radon_monitor/data/hourly_tests/tests_11-16-2021_2302.png,,,,,,,
175,2021-11-17 00:03:00,/Volumes/wellington/projects/radon_monitor/data/hourly_tests/tests_11-17-2021_0003.png,,,,,,,
176,2021-11-17 01:04:00,/Volumes/wellington/projects/radon_monitor/data/hourly_tests/tests_11-17-2021_0104.png,,,,,,,
177,2021-11-17 02:04:00,/Volumes/wellington/projects/radon_monitor/data/hourly_tests/tests_11-17-2021_0204.png,,,,,,,
178,2021-11-17 03:05:00,/Volumes/wellington/projects/radon_monitor/data/hourly_tests/tests_11-17-2021_0305.png,,,,,,,
179,2021-11-17 04:06:00,/Volumes/wellington/projects/radon_monitor/data/hourly_tests/tests_11-17-2021_0406.png,,,,,,,
180,2021-11-17 05:07:00,/Volumes/wellington/projects/radon_monitor/data/hourly_tests/tests_11-17-2021_0507.png,,,,,,,
181,2021-11-17 06:08:00,/Volumes/wellington/projects/radon_monitor/data/hourly_tests/tests_11-17-2021_0608.png,,,,,,,
182,2021-11-17 07:09:00,/Volumes/wellington/projects/radon_monitor/data/hourly_tests/tests_11-17-2021_0709.png,,,,,,,
183,2021-11-17 08:10:00,/Volumes/wellington/projects/radon_monitor/data/hourly_tests/tests_11-17-2021_0810.png,,,,,,,
184,2021-11-17 09:11:00,/Volumes/wellington/projects/radon_monitor/data/hourly_tests/tests_11-17-2021_0911.png,,,,,,,
185,2021-11-17 10:12:00,/Volumes/wellington/projects/radon_monitor/data/hourly_tests/tests_11-17-2021_1012.png,,,,,,,
186,2021-11-17 11:13:00,/Volumes/wellington/projects/radon_monitor/data/hourly_tests/tests_11-17-2021_1113.png,,,,,,,
187,2021-11-17 12:14:00,/Volumes/wellington/projects/radon_monitor/data/hourly_tests/tests_11-17-2021_1214.png,,,,,,,
188,2021-11-17 13:15:00,/Volumes/wellington/projects/radon_monitor/data/hourly_tests/tests_11-17-2021_1315.png,,,,,,,
189,2021-11-17 14:16:00,/Volumes/wellington/projects/radon_monitor/data/hourly_tests/tests_11-17-2021_1416.png,,,,,,,
190,2021-11-17 15:17:00,/Volumes/wellington/projects/radon_monitor/data/hourly_tests/tests_11-17-2021_1517.png,,,,,,,
191,2021-11-17 16:17:00,/Volumes/wellington/projects/radon_monitor/data/hourly_tests/tests_11-17-2021_1617.png,,,,,,,
192,2021-11-17 17:19:00,/Volumes/wellington/projects/radon_monitor/data/hourly_tests/tests_11-17-2021_1719.png,,,,,,,
193,2021-11-17 18:20:00,/Volumes/wellington/projects/radon_monitor/data/hourly_tests/tests_11-17-2021_1820.png,,,,,,,
194,2021-11-17 19:20:00,/Volumes/wellington/projects/radon_monitor/data/hourly_tests/tests_11-17-2021_1920.png,,,,,,,
195,2021-11-17 20:21:00,/Volumes/wellington/projects/radon_monitor/data/hourly_tests/tests_11-17-2021_2021.png,,,,,,,
196,2021-11-17 21:23:00,/Volumes/wellington/projects/radon_monitor/data/hourly_tests/tests_11-17-2021_2123.png,,,,,,,
197,2021-11-17 22:24:00,/Volumes/wellington/projects/radon_monitor/data/hourly_tests/tests_11-17-2021_2224.png,,,,,,,
198,2021-11-17 23:25:00,/Volumes/wellington/projects/radon_monitor/data/hourly_tests/tests_11-17-2021_2325.png,,,,,,,
199,2021-11-18 00:25:00,/Volumes/wellington/projects/radon_monitor/data/hourly_tests/tests_11-18-2021_0025.png,,,,,,,
200,2021-11-18 01:27:00,/Volumes/wellington/projects/radon_monitor/data/hourly_tests/tests_11-18-2021_0127.png,,,,,,,
201,2021-11-18 02:28:00,/Volumes/wellington/projects/radon_monitor/data/hourly_tests/tests_11-18-2021_0228.png,,,,,,,
202,2021-11-18 03:29:00,/Volumes/wellington/projects/radon_monitor/data/hourly_tests/tests_11-18-2021_0329.png,,,,,,,
203,2021-11-18 04:29:00,/Volumes/wellington/projects/radon_monitor/data/hourly_tests/tests_11-18-2021_0429.png,,,,,,,
204,2021-11-18 05:31:00,/Volumes/wellington/projects/radon_monitor/data/hourly_tests/tests_11-18-2021_0531.png,,,,,,,
205,2021-11-18 06:32:00,/Volumes/wellington/projects/radon_monitor/data/hourly_tests/tests_11-18-2021_0632.png,,,,,,,
206,2021-11-18 07:33:00,/Volumes/wellington/projects/radon_monitor/data/hourly_tests/tests_11-18-2021_0733.png,,,,,,,
207,2021-11-18 08:34:00,/Volumes/wellington/projects/radon_monitor/data/hourly_tests/tests_11-18-2021_0834.png,,,,,,,
208,2021-11-18 09:35:00,/Volumes/wellington/projects/radon_monitor/data/hourly_tests/tests_11-18-2021_0935.png,,,,,,,
209,2021-11-18 10:36:00,/Volumes/wellington/projects/radon_monitor/data/hourly_tests/tests_11-18-2021_1036.png,,,,,,,
210,2021-11-18 11:37:00,/Volumes/wellington/projects/radon_monitor/data/hourly_tests/tests_11-18-2021_1137.png,,,,,,,
211,2021-11-18 12:38:00,/Volumes/wellington/projects/radon_monitor/data/hourly_tests/tests_11-18-2021_1238.png,,,,,,,
212,2021-11-18 13:39:00,/Volumes/wellington/projects/radon_monitor/data/hourly_tests/tests_11-18-2021_1339.png,,,,,,,
213,2021-11-18 14:40:00,/Volumes/wellington/projects/radon_monitor/data/hourly_tests/tests_11-18-2021_1440.png,,,,,,,
214,2021-11-18 15:41:00,/Volumes/wellington/projects/radon_monitor/data/hourly_tests/tests_11-18-2021_1541.png,,,,,,,
215,2021-11-18 16:42:00,/Volumes/wellington/projects/radon_monitor/data/hourly_tests/tests_11-18-2021_1642.png,,,,,,,
216,2021-11-18 17:43:00,/Volumes/wellington/projects/radon_monitor/data/hourly_tests/tests_11-18-2021_1743.png,,,,,,,
217,2021-11-18 18:44:00,/Volumes/wellington/projects/radon_monitor/data/hourly_tests/tests_11-18-2021_1844.png,,,,,,,
218,2021-11-18 19:45:00,/Volumes/wellington/projects/radon_monitor/data/hourly_tests/tests_11-18-2021_1945.png,,,,,,,
219,2021-11-18 20:46:00,/Volumes/wellington/projects/radon_monitor/data/hourly_tests/tests_11-18-2021_2046.png,,,,,,,
220,2021-11-18 21:47:00,/Volumes/wellington/projects/radon_monitor/data/hourly_tests/tests_11-18-2021_2147.png,,,,,,,
221,2021-11-18 22:48:00,/Volumes/wellington/projects/radon_monitor/data/hourly_tests/tests_11-18-2021_2248.png,,,,,,,
222,2021-11-18 23:49:00,/Volumes/wellington/projects/radon_monitor/data/hourly_tests/tests_11-18-2021_2349.png,,,,,,,
223,2021-11-19 00:50:00,/Volumes/wellington/projects/radon_monitor/data/hourly_tests/tests_11-19-2021_0050.png,,,,,,,
224,2021-11-19 01:50:00,/Volumes/wellington/projects/radon_monitor/data/hourly_tests/tests_11-19-2021_0150.png,,,,,,,
225,2021-11-19 02:51:00,/Volumes/wellington/projects/radon_monitor/data/hourly_tests/tests_11-19-2021_0251.png,,,,,,,
226,2021-11-19 03:52:00,/Volumes/wellington/projects/radon_monitor/data/hourly_tests/tests_11-19-2021_0352.png,,,,,,,
227,2021-11-19 04:53:00,/Volumes/wellington/projects/radon_monitor/data/hourly_tests/tests_11-19-2021_0453.png,,,,,,,
228,2021-11-19 05:54:00,/Volumes/wellington/projects/radon_monitor/data/hourly_tests/tests_11-19-2021_0554.png,,,,,,,
229,2021-11-19 06:55:00,/Volumes/wellington/projects/radon_monitor/data/hourly_tests/tests_11-19-2021_0655.png,,,,,,,
230,2021-11-19 07:56:00,/Volumes/wellington/projects/radon_monitor/data/hourly_tests/tests_11-19-2021_0756.png,,,,,,,
231,2021-11-19 08:57:00,/Volumes/wellington/projects/radon_monitor/data/hourly_tests/tests_11-19-2021_0857.png,,,,,,,
232,2021-11-19 09:58:00,/Volumes/wellington/projects/radon_monitor/data/hourly_tests/tests_11-19-2021_0958.png,,,,,,,
233,2021-11-19 10:59:00,/Volumes/wellington/projects/radon_monitor/data/hourly_tests/tests_11-19-2021_1059.png,,,,,,,
234,2021-11-19 12:00:00,/Volumes/wellington/projects/radon_monitor/data/hourly_tests/tests_11-19-2021_1200.png,,,,,,,
235,2021-11-19 13:01:00,/Volumes/wellington/projects/radon_monitor/data/hourly_tests/tests_11-19-2021_1301.png,,,,,,,
236,2021-11-19 14:02:00,/Volumes/wellington/projects/radon_monitor/data/hourly_tests/tests_11-19-2021_1402.png,,,,,,,
237,2021-11-19 15:03:00,/Volumes/wellington/projects/radon_monitor/data/hourly_tests/tests_11-19-2021_1503.png,,,,,,,
238,2021-11-19 16:04:00,/Volumes/wellington/projects/radon_monitor/data/hourly_tests/tests_11-19-2021_1604.png,,,,,,,
239,2021-11-19 17:04:00,/Volumes/wellington/projects/radon_monitor/data/hourly_tests/tests_11-19-2021_1704.png,,,,,,,
240,2021-11-19 18:05:00,/Volumes/wellington/projects/radon_monitor/data/hourly_tests/tests_11-19-2021_1805.png,,,,,,,
241,2021-11-19 19:06:00,/Volumes/wellington/projects/radon_monitor/data/hourly_tests/tests_11-19-2021_1906.png,,,,,,,
242,2021-11-19 20:07:00,/Volumes/wellington/projects/radon_monitor/data/hourly_tests/tests_11-19-2021_2007.png,,,,,,,
243,2021-11-19 21:08:00,/Volumes/wellington/projects/radon_monitor/data/hourly_tests/tests_11-19-2021_2108.png,,,,,,,
244,2021-11-19 22:09:00,/Volumes/wellington/projects/radon_monitor/data/hourly_tests/tests_11-19-2021_2209.png,,,,,,,
245,2021-11-19 23:10:00,/Volumes/wellington/projects/radon_monitor/data/hourly_tests/tests_11-19-2021_2310.png,,,,,,,
246,2021-11-20 00:11:00,/Volumes/wellington/projects/radon_monitor/data/hourly_tests/tests_11-20-2021_0011.png,,,,,,,
247,2021-11-20 01:12:00,/Volumes/wellington/projects/radon_monitor/data/hourly_tests/tests_11-20-2021_0112.png,,,,,,,
248,2021-11-20 02:13:00,/Volumes/wellington/projects/radon_monitor/data/hourly_tests/tests_11-20-2021_0213.png,,,,,,,
249,2021-11-20 03:14:00,/Volumes/wellington/projects/radon_monitor/data/hourly_tests/tests_11-20-2021_0314.png,,,,,,,
250,2021-11-20 04:15:00,/Volumes/wellington/projects/radon_monitor/data/hourly_tests/tests_11-20-2021_0415.png,,,,,,,
251,2021-11-20 05:16:00,/Volumes/wellington/projects/radon_monitor/data/hourly_tests/tests_11-20-2021_0516.png,,,,,,,
252,2021-11-20 06:17:00,/Volumes/wellington/projects/radon_monitor/data/hourly_tests/tests_11-20-2021_0617.png,,,,,,,
253,2021-11-20 07:18:00,/Volumes/wellington/projects/radon_monitor/data/hourly_tests/tests_11-20-2021_0718.png,,,,,,,
254,2021-11-20 12:42:00,/Volumes/wellington/projects/radon_monitor/data/hourly_tests/tests_11-20-2021_1242.png,,,,,,,
255,2021-11-20 13:43:00,/Volumes/wellington/projects/radon_monitor/data/hourly_tests/tests_11-20-2021_1343.png,,,,,,,
256,2021-11-20 14:44:00,/Volumes/wellington/projects/radon_monitor/data/hourly_tests/tests_11-20-2021_1444.png,,,,,,,
257,2021-11-20 15:45:00,/Volumes/wellington/projects/radon_monitor/data/hourly_tests/tests_11-20-2021_1545.png,,,,,,,
258,2021-11-20 16:46:00,/Volumes/wellington/projects/radon_monitor/data/hourly_tests/tests_11-20-2021_1646.png,,,,,,,
259,2021-11-20 17:47:00,/Volumes/wellington/projects/radon_monitor/data/hourly_tests/tests_11-20-2021_1747.png,,,,,,,
260,2021-11-20 18:48:00,/Volumes/wellington/projects/radon_monitor/data/hourly_tests/tests_11-20-2021_1848.png,,,,,,,
261,2021-11-20 19:49:00,/Volumes/wellington/projects/radon_monitor/data/hourly_tests/tests_11-20-2021_1949.png,,,,,,,
262,2021-11-20 20:50:00,/Volumes/wellington/projects/radon_monitor/data/hourly_tests/tests_11-20-2021_2050.png,,,,,,,
263,2021-11-20 21:51:00,/Volumes/wellington/projects/radon_monitor/data/hourly_tests/tests_11-20-2021_2151.png,,,,,,,
264,2021-11-20 22:52:00,/Volumes/wellington/projects/radon_monitor/data/hourly_tests/tests_11-20-2021_2252.png,,,,,,,
265,2021-11-20 23:53:00,/Volumes/wellington/projects/radon_monitor/data/hourly_tests/tests_11-20-2021_2353.png,,,,,,,
266,2021-11-21 15:05:00,/Volumes/wellington/projects/radon_monitor/data/hourly_tests/tests_11-21-2021_1505.png,,,,,,,
267,2021-11-21 16:06:00,/Volumes/wellington/projects/radon_monitor/data/hourly_tests/tests_11-21-2021_1606.png,,,,,,,
268,2021-11-21 17:07:00,/Volumes/wellington/projects/radon_monitor/data/hourly_tests/tests_11-21-2021_1707.png,,,,,,,
269,2021-11-21 18:08:00,/Volumes/wellington/projects/radon_monitor/data/hourly_tests/tests_11-21-2021_1808.png,,,,,,,
270,2021-11-21 19:08:00,/Volumes/wellington/projects/radon_monitor/data/hourly_tests/tests_11-21-2021_1908.png,,,,,,,
271,2021-11-21 20:10:00,/Volumes/wellington/projects/radon_monitor/data/hourly_tests/tests_11-21-2021_2010.png,,,,,,,
272,2021-11-21 21:11:00,/Volumes/wellington/projects/radon_monitor/data/hourly_tests/tests_11-21-2021_2111.png,,,,,,,
273,2021-11-21 22:11:00,/Volumes/wellington/projects/radon_monitor/data/hourly_tests/tests_11-21-2021_2211.png,,,,,,,
274,2021-11-21 23:12:00,/Volumes/wellington/projects/radon_monitor/data/hourly_tests/tests_11-21-2021_2312.png,,,,,,,
275,2021-11-22 00:13:00,/Volumes/wellington/projects/radon_monitor/data/hourly_tests/tests_11-22-2021_0013.png,,,,,,,
276,2021-11-22 01:14:00,/Volumes/wellington/projects/radon_monitor/data/hourly_tests/tests_11-22-2021_0114.png,,,,,,,
277,2021-11-22 02:15:00,/Volumes/wellington/projects/radon_monitor/data/hourly_tests/tests_11-22-2021_0215.png,,,,,,,
278,2021-11-22 03:16:00,/Volumes/wellington/projects/radon_monitor/data/hourly_tests/tests_11-22-2021_0316.png,,,,,,,
279,2021-11-22 04:17:00,/Volumes/wellington/projects/radon_monitor/data/hourly_tests/tests_11-22-2021_0417.png,,,,,,,
280,2021-11-22 05:18:00,/Volumes/wellington/projects/radon_monitor/data/hourly_tests/tests_11-22-2021_0518.png,,,,,,,
281,2021-11-22 06:19:00,/Volumes/wellington/projects/radon_monitor/data/hourly_tests/tests_11-22-2021_0619.png,,,,,,,
282,2021-11-22 07:20:00,/Volumes/wellington/projects/radon_monitor/data/hourly_tests/tests_11-22-2021_0720.png,,,,,,,
283,2021-11-22 08:21:00,/Volumes/wellington/projects/radon_monitor/data/hourly_tests/tests_11-22-2021_0821.png,,,,,,,
284,2021-11-22 09:22:00,/Volumes/wellington/projects/radon_monitor/data/hourly_tests/tests_11-22-2021_0922.png,,,,,,,
285,2021-11-22 10:23:00,/Volumes/wellington/projects/radon_monitor/data/hourly_tests/tests_11-22-2021_1023.png,,,,,,,
286,2021-11-22 11:24:00,/Volumes/wellington/projects/radon_monitor/data/hourly_tests/tests_11-22-2021_1124.png,,,,,,,
287,2021-11-23 22:33:00,/Volumes/wellington/projects/radon_monitor/data/hourly_tests/tests_11-23-2021_2233.png,,,,,,,
288,2021-11-23 23:34:00,/Volumes/wellington/projects/radon_monitor/data/hourly_tests/tests_11-23-2021_2334.png,,,,,,,
289,2021-11-24 00:35:00,/Volumes/wellington/projects/radon_monitor/data/hourly_tests/tests_11-24-2021_0035.png,,,,,,,
290,2021-11-24 01:35:00,/Volumes/wellington/projects/radon_monitor/data/hourly_tests/tests_11-24-2021_0135.png,,,,,,,
291,2021-11-24 02:36:00,/Volumes/wellington/projects/radon_monitor/data/hourly_tests/tests_11-24-2021_0236.png,,,,,,,
292,2021-11-24 03:37:00,/Volumes/wellington/projects/radon_monitor/data/hourly_tests/tests_11-24-2021_0337.png,,,,,,,
293,2021-11-24 04:38:00,/Volumes/wellington/projects/radon_monitor/data/hourly_tests/tests_11-24-2021_0438.png,,,,,,,
294,2021-11-24 05:39:00,/Volumes/wellington/projects/radon_monitor/data/hourly_tests/tests_11-24-2021_0539.png,,,,,,,
295,2021-11-24 06:40:00,/Volumes/wellington/projects/radon_monitor/data/hourly_tests/tests_11-24-2021_0640.png,,,,,,,
296,2021-11-24 07:41:00,/Volumes/wellington/projects/radon_monitor/data/hourly_tests/tests_11-24-2021_0741.png,,,,,,,
297,2021-11-24 08:42:00,/Volumes/wellington/projects/radon_monitor/data/hourly_tests/tests_11-24-2021_0842.png,,,,,,,
298,2021-11-24 09:43:00,/Volumes/wellington/projects/radon_monitor/data/hourly_tests/tests_11-24-2021_0943.png,,,,,,,
299,2021-11-24 10:44:00,/Volumes/wellington/projects/radon_monitor/data/hourly_tests/tests_11-24-2021_1044.png,,,,,,,
300,2021-11-24 11:45:00,/Volumes/wellington/projects/radon_monitor/data/hourly_tests/tests_11-24-2021_1145.png,,,,,,,
301,2021-11-24 12:46:00,/Volumes/wellington/projects/radon_monitor/data/hourly_tests/tests_11-24-2021_1246.png,,,,,,,
302,2021-11-24 13:47:00,/Volumes/wellington/projects/radon_monitor/data/hourly_tests/tests_11-24-2021_1347.png,,,,,,,
303,2021-11-24 14:48:00,/Volumes/wellington/projects/radon_monitor/data/hourly_tests/tests_11-24-2021_1448.png,,,,,,,
304,2021-11-24 15:49:00,/Volumes/wellington/projects/radon_monitor/data/hourly_tests/tests_11-24-2021_1549.png,,,,,,,
305,2021-11-24 16:49:00,/Volumes/wellington/projects/radon_monitor/data/hourly_tests/tests_11-24-2021_1649.png,,,,,,,
306,2021-11-24 17:50:00,/Volumes/wellington/projects/radon_monitor/data/hourly_tests/tests_11-24-2021_1750.png,,,,,,,
307,2021-11-24 18:51:00,/Volumes/wellington/projects/radon_monitor/data/hourly_tests/tests_11-24-2021_1851.png,,,,,,,
308,2021-11-24 19:52:00,/Volumes/wellington/projects/radon_monitor/data/hourly_tests/tests_11-24-2021_1952.png,,,,,,,
309,2021-11-24 20:53:00,/Volumes/wellington/projects/radon_monitor/data/hourly_tests/tests_11-24-2021_2053.png,,,,,,,
310,2021-11-24 21:54:00,/Volumes/wellington/projects/radon_monitor/data/hourly_tests/tests_11-24-2021_2154.png,,,,,,,
311,2021-11-24 22:55:00,/Volumes/wellington/projects/radon_monitor/data/hourly_tests/tests_11-24-2021_2255.png,,,,,,,
312,2021-11-24 23:56:00,/Volumes/wellington/projects/radon_monitor/data/hourly_tests/tests_11-24-2021_2356.png,,,,,,,
313,2021-11-25 00:57:00,/Volumes/wellington/projects/radon_monitor/data/hourly_tests/tests_11-25-2021_0057.png,,,,,,,
314,2021-11-25 01:58:00,/Volumes/wellington/projects/radon_monitor/data/hourly_tests/tests_11-25-2021_0158.png,,,,,,,
315,2021-11-25 02:59:00,/Volumes/wellington/projects/radon_monitor/data/hourly_tests/tests_11-25-2021_0259.png,,,,,,,
316,2021-11-25 04:00:00,/Volumes/wellington/projects/radon_monitor/data/hourly_tests/tests_11-25-2021_0400.png,,,,,,,
317,2021-11-25 05:01:00,/Volumes/wellington/projects/radon_monitor/data/hourly_tests/tests_11-25-2021_0501.png,,,,,,,
318,2021-11-25 06:02:00,/Volumes/wellington/projects/radon_monitor/data/hourly_tests/tests_11-25-2021_0602.png,,,,,,,
319,2021-11-25 07:03:00,/Volumes/wellington/projects/radon_monitor/data/hourly_tests/tests_11-25-2021_0703.png,,,,,,,
320,2021-11-25 08:04:00,/Volumes/wellington/projects/radon_monitor/data/hourly_tests/tests_11-25-2021_0804.png,,,,,,,
321,2021-11-25 09:05:00,/Volumes/wellington/projects/radon_monitor/data/hourly_tests/tests_11-25-2021_0905.png,,,,,,,
322,2021-11-25 10:06:00,/Volumes/wellington/projects/radon_monitor/data/hourly_tests/tests_11-25-2021_1006.png,,,,,,,
323,2021-11-25 11:07:00,/Volumes/wellington/projects/radon_monitor/data/hourly_tests/tests_11-25-2021_1107.png,,,,,,,
324,2021-11-25 12:08:00,/Volumes/wellington/projects/radon_monitor/data/hourly_tests/tests_11-25-2021_1208.png,,,,,,,
325,2021-11-25 13:08:00,/Volumes/wellington/projects/radon_monitor/data/hourly_tests/tests_11-25-2021_1308.png,,,,,,,
326,2021-11-25 14:09:00,/Volumes/wellington/projects/radon_monitor/data/hourly_tests/tests_11-25-2021_1409.png,,,,,,,
327,2021-11-25 15:10:00,/Volumes/wellington/projects/radon_monitor/data/hourly_tests/tests_11-25-2021_1510.png,,,,,,,
328,2021-11-25 16:11:00,/Volumes/wellington/projects/radon_monitor/data/hourly_tests/tests_11-25-2021_1611.png,,,,,,,
329,2021-11-25 17:12:00,/Volumes/wellington/projects/radon_monitor/data/hourly_tests/tests_11-25-2021_1712.png,,,,,,,
330,2021-11-25 18:13:00,/Volumes/wellington/projects/radon_monitor/data/hourly_tests/tests_11-25-2021_1813.png,,,,,,,
331,2021-11-25 19:14:00,/Volumes/wellington/projects/radon_monitor/data/hourly_tests/tests_11-25-2021_1914.png,,,,,,,
332,2021-11-25 20:15:00,/Volumes/wellington/projects/radon_monitor/data/hourly_tests/tests_11-25-2021_2015.png,,,,,,,
333,2021-11-25 21:16:00,/Volumes/wellington/projects/radon_monitor/data/hourly_tests/tests_11-25-2021_2116.png,,,,,,,
334,2021-11-25 22:17:00,/Volumes/wellington/projects/radon_monitor/data/hourly_tests/tests_11-25-2021_2217.png,,,,,,,
335,2021-11-25 23:18:00,/Volumes/wellington/projects/radon_monitor/data/hourly_tests/tests_11-25-2021_2318.png,,,,,,,
336,2021-11-26 00:19:00,/Volumes/wellington/projects/radon_monitor/data/hourly_tests/tests_11-26-2021_0019.png,,,,,,,
337,2021-11-26 01:20:00,/Volumes/wellington/projects/radon_monitor/data/hourly_tests/tests_11-26-2021_0120.png,,,,,,,
338,2021-11-26 02:20:00,/Volumes/wellington/projects/radon_monitor/data/hourly_tests/tests_11-26-2021_0220.png,,,,,,,
339,2021-11-26 03:21:00,/Volumes/wellington/projects/radon_monitor/data/hourly_tests/tests_11-26-2021_0321.png,,,,,,,
340,2021-11-26 04:22:00,/Volumes/wellington/projects/radon_monitor/data/hourly_tests/tests_11-26-2021_0422.png,,,,,,,
341,2021-11-26 05:23:00,/Volumes/wellington/projects/radon_monitor/data/hourly_tests/tests_11-26-2021_0523.png,,,,,,,
342,2021-11-26 06:24:00,/Volumes/wellington/projects/radon_monitor/data/hourly_tests/tests_11-26-2021_0624.png,,,,,,,
343,2021-11-26 07:25:00,/Volumes/wellington/projects/radon_monitor/data/hourly_tests/tests_11-26-2021_0725.png,,,,,,,
344,2021-11-26 08:26:00,/Volumes/wellington/projects/radon_monitor/data/hourly_tests/tests_11-26-2021_0826.png,,,,,,,
345,2021-11-26 09:27:00,/Volumes/wellington/projects/radon_monitor/data/hourly_tests/tests_11-26-2021_0927.png,,,,,,,
346,2021-12-11 10:21:00,/Volumes/wellington/projects/radon_monitor/data/hourly_tests/tests_12-11-2021_1021.png,,,,,,,
347,2021-12-11 11:22:00,/Volumes/wellington/projects/radon_monitor/data/hourly_tests/tests_12-11-2021_1122.png,,,,,,,
348,2021-12-11 12:23:00,/Volumes/wellington/projects/radon_monitor/data/hourly_tests/tests_12-11-2021_1223.png,,,,,,,
349,2021-12-11 13:24:00,/Volumes/wellington/projects/radon_monitor/data/hourly_tests/tests_12-11-2021_1324.png,,,,,,,
350,2021-12-11 14:24:00,/Volumes/wellington/projects/radon_monitor/data/hourly_tests/tests_12-11-2021_1424.png,,,,,,,
351,2021-12-11 15:25:00,/Volumes/wellington/projects/radon_monitor/data/hourly_tests/tests_12-11-2021_1525.png,,,,,,,
352,2021-12-11 16:26:00,/Volumes/wellington/projects/radon_monitor/data/hourly_tests/tests_12-11-2021_1626.png,,,,,,,
353,2021-12-11 17:27:00,/Volumes/wellington/projects/radon_monitor/data/hourly_tests/tests_12-11-2021_1727.png,,,,,,,
354,2021-12-11 18:28:00,/Volumes/wellington/projects/radon_monitor/data/hourly_tests/tests_12-11-2021_1828.png,,,,,,,
355,2021-12-11 19:29:00,/Volumes/wellington/projects/radon_monitor/data/hourly_tests/tests_12-11-2021_1929.png,,,,,,,
356,2021-12-11 20:30:00,/Volumes/wellington/projects/radon_monitor/data/hourly_tests/tests_12-11-2021_2030.png,,,,,,,
357,2021-12-11 21:31:00,/Volumes/wellington/projects/radon_monitor/data/hourly_tests/tests_12-11-2021_2131.png,,,,,,,
358,2021-12-11 22:32:00,/Volumes/wellington/projects/radon_monitor/data/hourly_tests/tests_12-11-2021_2232.png,,,,,,,
359,2021-12-11 23:33:00,/Volumes/wellington/projects/radon_monitor/data/hourly_tests/tests_12-11-2021_2333.png,,,,,,,
360,2021-12-12 00:34:00,/Volumes/wellington/projects/radon_monitor/data/hourly_tests/tests_12-12-2021_0034.png,,,,,,,
361,2021-12-12 01:35:00,/Volumes/wellington/projects/radon_monitor/data/hourly_tests/tests_12-12-2021_0135.png,,,,,,,
362,2021-12-12 02:36:00,/Volumes/wellington/projects/radon_monitor/data/hourly_tests/tests_12-12-2021_0236.png,,,,,,,
363,2021-12-12 03:36:00,/Volumes/wellington/projects/radon_monitor/data/hourly_tests/tests_12-12-2021_0336.png,,,,,,,
364,2021-12-12 04:38:00,/Volumes/wellington/projects/radon_monitor/data/hourly_tests/tests_12-12-2021_0438.png,,,,,,,
365,2021-12-12 05:39:00,/Volumes/wellington/projects/radon_monitor/data/hourly_tests/tests_12-12-2021_0539.png,,,,,,,
366,2021-12-12 06:39:00,/Volumes/wellington/projects/radon_monitor/data/hourly_tests/tests_12-12-2021_0639.png,,,,,,,
367,2021-12-12 07:40:00,/Volumes/wellington/projects/radon_monitor/data/hourly_tests/tests_12-12-2021_0740.png,,,,,,,
368,2021-12-12 08:41:00,/Volumes/wellington/projects/radon_monitor/data/hourly_tests/tests_12-12-2021_0841.png,,,,,,,
369,2021-12-12 09:42:00,/Volumes/wellington/projects/radon_monitor/data/hourly_tests/tests_12-12-2021_0942.png,,,,,,,
370,2021-12-12 10:43:00,/Volumes/wellington/projects/radon_monitor/data/hourly_tests/tests_12-12-2021_1043.png,,,,,,,
371,2021-12-12 11:44:00,/Volumes/wellington/projects/radon_monitor/data/hourly_tests/tests_12-12-2021_1144.png,,,,,,,
372,2021-12-12 12:45:00,/Volumes/wellington/projects/radon_monitor/data/hourly_tests/tests_12-12-2021_1245.png,,,,,,,
373,2021-12-12 13:46:00,/Volumes/wellington/projects/radon_monitor/data/hourly_tests/tests_12-12-2021_1346.png,,,,,,,
374,2021-12-12 14:47:00,/Volumes/wellington/projects/radon_monitor/data/hourly_tests/tests_12-12-2021_1447.png,,,,,,,
375,2021-12-12 15:48:00,/Volumes/wellington/projects/radon_monitor/data/hourly_tests/tests_12-12-2021_1548.png,,,,,,,
376,2021-12-12 16:49:00,/Volumes/wellington/projects/radon_monitor/data/hourly_tests/tests_12-12-2021_1649.png,,,,,,,
377,2021-12-12 17:50:00,/Volumes/wellington/projects/radon_monitor/data/hourly_tests/tests_12-12-2021_1750.png,,,,,,,
378,2021-12-12 18:51:00,/Volumes/wellington/projects/radon_monitor/data/hourly_tests/tests_12-12-2021_1851.png,,,,,,,
379,2021-12-12 19:52:00,/Volumes/wellington/projects/radon_monitor/data/hourly_tests/tests_12-12-2021_1952.png,,,,,,,
380,2021-12-18 13:27:00,/Volumes/wellington/projects/radon_monitor/data/hourly_tests/tests_12-18-2021_1327.png,,,,,,,
381,2021-12-18 14:28:00,/Volumes/wellington/projects/radon_monitor/data/hourly_tests/tests_12-18-2021_1428.png,,,,,,,
382,2021-12-18 15:29:00,/Volumes/wellington/projects/radon_monitor/data/hourly_tests/tests_12-18-2021_1529.png,,,,,,,
383,2021-12-18 16:30:00,/Volumes/wellington/projects/radon_monitor/data/hourly_tests/tests_12-18-2021_1630.png,,,,,,,
384,2021-12-18 17:31:00,/Volumes/wellington/projects/radon_monitor/data/hourly_tests/tests_12-18-2021_1731.png,,,,,,,
385,2021-12-18 18:32:00,/Volumes/wellington/projects/radon_monitor/data/hourly_tests/tests_12-18-2021_1832.png,,,,,,,
386,2021-12-18 19:33:00,/Volumes/wellington/projects/radon_monitor/data/hourly_tests/tests_12-18-2021_1933.png,,,,,,,
387,2021-12-18 20:34:00,/Volumes/wellington/projects/radon_monitor/data/hourly_tests/tests_12-18-2021_2034.png,,,,,,,
388,2021-12-18 21:35:00,/Volumes/wellington/projects/radon_monitor/data/hourly_tests/tests_12-18-2021_2135.png,,,,,,,
389,2021-12-18 22:36:00,/Volumes/wellington/projects/radon_monitor/data/hourly_tests/tests_12-18-2021_2236.png,,,,,,,
390,2021-12-18 23:37:00,/Volumes/wellington/projects/radon_monitor/data/hourly_tests/tests_12-18-2021_2337.png,,,,,,,
391,2021-12-19 00:38:00,/Volumes/wellington/projects/radon_monitor/data/hourly_tests/tests_12-19-2021_0038.png,,,,,,,
392,2021-12-19 01:39:00,/Volumes/wellington/projects/radon_monitor/data/hourly_tests/tests_12-19-2021_0139.png,,,,,,,
393,2021-12-19 02:39:00,/Volumes/wellington/projects/radon_monitor/data/hourly_tests/tests_12-19-2021_0239.png,,,,,,,
394,2021-12-19 03:40:00,/Volumes/wellington/projects/radon_monitor/data/hourly_tests/tests_12-19-2021_0340.png,,,,,,,
395,2021-12-19 04:41:00,/Volumes/wellington/projects/radon_monitor/data/hourly_tests/tests_12-19-2021_0441.png,,,,,,,
396,2021-12-19 05:42:00,/Volumes/wellington/projects/radon_monitor/data/hourly_tests/tests_12-19-2021_0542.png,,,,,,,
397,2021-12-19 06:43:00,/Volumes/wellington/projects/radon_monitor/data/hourly_tests/tests_12-19-2021_0643.png,,,,,,,
398,2021-12-19 07:44:00,/Volumes/wellington/projects/radon_monitor/data/hourly_tests/tests_12-19-2021_0744.png,,,,,,,
399,2021-12-19 08:45:00,/Volumes/wellington/projects/radon_monitor/data/hourly_tests/tests_12-19-2021_0845.png,,,,,,,
400,2021-12-19 09:46:00,/Volumes/wellington/projects/radon_monitor/data/hourly_tests/tests_12-19-2021_0946.png,,,,,,,
401,2021-12-19 10:47:00,/Volumes/wellington/projects/radon_monitor/data/hourly_tests/tests_12-19-2021_1047.png,,,,,,,
402,2021-12-19 11:48:00,/Volumes/wellington/projects/radon_monitor/data/hourly_tests/tests_12-19-2021_1148.png,,,,,,,
403,2021-12-19 12:49:00,/Volumes/wellington/projects/radon_monitor/data/hourly_tests/tests_12-19-2021_1249.png,,,,,,,
404,2021-12-19 13:50:00,/Volumes/wellington/projects/radon_monitor/data/hourly_tests/tests_12-19-2021_1350.png,,,,,,,
405,2021-12-19 14:51:00,/Volumes/wellington/projects/radon_monitor/data/hourly_tests/tests_12-19-2021_1451.png,,,,,,,
406,2021-12-19 15:52:00,/Volumes/wellington/projects/radon_monitor/data/hourly_tests/tests_12-19-2021_1552.png,,,,,,,
407,2021-12-19 16:52:00,/Volumes/wellington/projects/radon_monitor/data/hourly_tests/tests_12-19-2021_1652.png,,,,,,,
408,2021-12-19 17:53:00,/Volumes/wellington/projects/radon_monitor/data/hourly_tests/tests_12-19-2021_1753.png,,,,,,,
409,2021-12-19 18:54:00,/Volumes/wellington/projects/radon_monitor/data/hourly_tests/tests_12-19-2021_1854.png,,,,,,,
410,2021-12-19 19:55:00,/Volumes/wellington/projects/radon_monitor/data/hourly_tests/tests_12-19-2021_1955.png,,,,,,,
411,2021-12-19 20:56:00,/Volumes/wellington/projects/radon_monitor/data/hourly_tests/tests_12-19-2021_2056.png,,,,,,,
412,2021-12-19 21:57:00,/Volumes/wellington/projects/radon_monitor/data/hourly_tests/tests_12-19-2021_2157.png,,,,,,,
413,2021-12-19 22:58:00,/Volumes/wellington/projects/radon_monitor/data/hourly_tests/tests_12-19-2021_2258.png,,,,,,,
414,2021-12-19 23:59:00,/Volumes/wellington/projects/radon_monitor/data/hourly_tests/tests_12-19-2021_2359.png,,,,,,,
415,2021-12-20 01:00:00,/Volumes/wellington/projects/radon_monitor/data/hourly_tests/tests_12-20-2021_0100.png,,,,,,,
416,2021-12-20 02:01:00,/Volumes/wellington/projects/radon_monitor/data/hourly_tests/tests_12-20-2021_0201.png,,,,,,,
417,2021-12-20 03:02:00,/Volumes/wellington/projects/radon_monitor/data/hourly_tests/tests_12-20-2021_0302.png,,,,,,,
418,2021-12-20 04:03:00,/Volumes/wellington/projects/radon_monitor/data/hourly_tests/tests_12-20-2021_0403.png,,,,,,,
419,2021-12-20 05:04:00,/Volumes/wellington/projects/radon_monitor/data/hourly_tests/tests_12-20-2021_0504.png,,,,,,,
420,2021-12-20 06:05:00,/Volumes/wellington/projects/radon_monitor/data/hourly_tests/tests_12-20-2021_0605.png,,,,,,,
421,2021-12-20 07:06:00,/Volumes/wellington/projects/radon_monitor/data/hourly_tests/tests_12-20-2021_0706.png,,,,,,,
422,2021-12-20 08:06:00,/Volumes/wellington/projects/radon_monitor/data/hourly_tests/tests_12-20-2021_0806.png,,,,,,,
423,2021-12-20 09:07:00,/Volumes/wellington/projects/radon_monitor/data/hourly_tests/tests_12-20-2021_0907.png,,,,,,,
424,2021-12-20 10:08:00,/Volumes/wellington/projects/radon_monitor/data/hourly_tests/tests_12-20-2021_1008.png,,,,,,,
425,2021-12-20 11:09:00,/Volumes/wellington/projects/radon_monitor/data/hourly_tests/tests_12-20-2021_1109.png,,,,,,,
426,2021-12-20 12:10:00,/Volumes/wellington/projects/radon_monitor/data/hourly_tests/tests_12-20-2021_1210.png,,,,,,,
427,2021-12-20 13:11:00,/Volumes/wellington/projects/radon_monitor/data/hourly_tests/tests_12-20-2021_1311.png,,,,,,,
428,2021-12-20 14:12:00,/Volumes/wellington/projects/radon_monitor/data/hourly_tests/tests_12-20-2021_1412.png,,,,,,,
429,2021-12-20 15:13:00,/Volumes/wellington/projects/radon_monitor/data/hourly_tests/tests_12-20-2021_1513.png,,,,,,,
430,2021-12-20 16:14:00,/Volumes/wellington/projects/radon_monitor/data/hourly_tests/tests_12-20-2021_1614.png,,,,,,,
431,2021-12-20 17:15:00,/Volumes/wellington/projects/radon_monitor/data/hourly_tests/tests_12-20-2021_1715.png,,,,,,,
432,2021-12-20 18:16:00,/Volumes/wellington/projects/radon_monitor/data/hourly_tests/tests_12-20-2021_1816.png,,,,,,,
433,2021-12-20 19:17:00,/Volumes/wellington/projects/radon_monitor/data/hourly_tests/tests_12-20-2021_1917.png,,,,,,,
434,2021-12-20 20:18:00,/Volumes/wellington/projects/radon_monitor/data/hourly_tests/tests_12-20-2021_2018.png,,,,,,,
435,2021-12-20 21:19:00,/Volumes/wellington/projects/radon_monitor/data/hourly_tests/tests_12-20-2021_2119.png,,,,,,,
436,2021-12-20 22:20:00,/Volumes/wellington/projects/radon_monitor/data/hourly_tests/tests_12-20-2021_2220.png,,,,,,,
437,2021-12-20 23:20:00,/Volumes/wellington/projects/radon_monitor/data/hourly_tests/tests_12-20-2021_2320.png,,,,,,,
438,2021-12-21 00:21:00,/Volumes/wellington/projects/radon_monitor/data/hourly_tests/tests_12-21-2021_0021.png,,,,,,,
439,2021-12-21 01:22:00,/Volumes/wellington/projects/radon_monitor/data/hourly_tests/tests_12-21-2021_0122.png,,,,,,,
440,2021-12-21 02:23:00,/Volumes/wellington/projects/radon_monitor/data/hourly_tests/tests_12-21-2021_0223.png,,,,,,,
441,2021-12-21 03:24:00,/Volumes/wellington/projects/radon_monitor/data/hourly_tests/tests_12-21-2021_0324.png,,,,,,,
442,2021-12-21 04:25:00,/Volumes/wellington/projects/radon_monitor/data/hourly_tests/tests_12-21-2021_0425.png,,,,,,,
443,2021-12-21 05:26:00,/Volumes/wellington/projects/radon_monitor/data/hourly_tests/tests_12-21-2021_0526.png,,,,,,,
444,2021-12-21 06:27:00,/Volumes/wellington/projects/radon_monitor/data/hourly_tests/tests_12-21-2021_0627.png,,,,,,,
445,2021-12-21 07:28:00,/Volumes/wellington/projects/radon_monitor/data/hourly_tests/tests_12-21-2021_0728.png,,,,,,,
446,2021-12-21 08:29:00,/Volumes/wellington/projects/radon_monitor/data/hourly_tests/tests_12-21-2021_0829.png,,,,,,,
447,2021-12-21 09:30:00,/Volumes/wellington/projects/radon_monitor/data/hourly_tests/tests_12-21-2021_0930.png,,,,,,,
448,2021-12-21 10:31:00,/Volumes/wellington/projects/radon_monitor/data/hourly_tests/tests_12-21-2021_1031.png,,,,,,,
449,2021-12-21 11:32:00,/Volumes/wellington/projects/radon_monitor/data/hourly_tests/tests_12-21-2021_1132.png,,,,,,,
450,2021-12-21 12:32:00,/Volumes/wellington/projects/radon_monitor/data/hourly_tests/tests_12-21-2021_1232.png,,,,,,,
451,2021-12-21 13:33:00,/Volumes/wellington/projects/radon_monitor/data/hourly_tests/tests_12-21-2021_1333.png,,,,,,,
452,2021-12-21 14:34:00,/Volumes/wellington/projects/radon_monitor/data/hourly_tests/tests_12-21-2021_1434.png,,,,,,,
453,2021-12-21 15:35:00,/Volumes/wellington/projects/radon_monitor/data/hourly_tests/tests_12-21-2021_1535.png,,,,,,,
454,2021-12-21 16:36:00,/Volumes/wellington/projects/radon_monitor/data/hourly_tests/tests_12-21-2021_1636.png,,,,,,,
455,2021-12-21 17:37:00,/Volumes/wellington/projects/radon_monitor/data/hourly_tests/tests_12-21-2021_1737.png,,,,,,,
456,2021-12-21 18:38:00,/Volumes/wellington/projects/radon_monitor/data/hourly_tests/tests_12-21-2021_1838.png,,,,,,,
457,2021-12-21 19:39:00,/Volumes/wellington/projects/radon_monitor/data/hourly_tests/tests_12-21-2021_1939.png,,,,,,,
458,2021-12-21 20:40:00,/Volumes/wellington/projects/radon_monitor/data/hourly_tests/tests_12-21-2021_2040.png,,,,,,,
459,2021-12-21 21:41:00,/Volumes/wellington/projects/radon_monitor/data/hourly_tests/tests_12-21-2021_2141.png,,,,,,,
460,2021-12-21 22:42:00,/Volumes/wellington/projects/radon_monitor/data/hourly_tests/tests_12-21-2021_2242.png,,,,,,,
461,2021-12-21 23:43:00,/Volumes/wellington/projects/radon_monitor/data/hourly_tests/tests_12-21-2021_2343.png,,,,,,,
462,2021-12-22 00:44:00,/Volumes/wellington/projects/radon_monitor/data/hourly_tests/tests_12-22-2021_0044.png,,,,,,,
463,2021-12-22 01:45:00,/Volumes/wellington/projects/radon_monitor/data/hourly_tests/tests_12-22-2021_0145.png,,,,,,,
464,2021-12-22 02:46:00,/Volumes/wellington/projects/radon_monitor/data/hourly_tests/tests_12-22-2021_0246.png,,,,,,,
465,2021-12-22 03:46:00,/Volumes/wellington/projects/radon_monitor/data/hourly_tests/tests_12-22-2021_0346.png,,,,,,,
466,2021-12-22 04:47:00,/Volumes/wellington/projects/radon_monitor/data/hourly_tests/tests_12-22-2021_0447.png,,,,,,,
467,2021-12-22 05:48:00,/Volumes/wellington/projects/radon_monitor/data/hourly_tests/tests_12-22-2021_0548.png,,,,,,,
468,2021-12-22 06:49:00,/Volumes/wellington/projects/radon_monitor/data/hourly_tests/tests_12-22-2021_0649.png,,,,,,,
469,2021-12-22 07:50:00,/Volumes/wellington/projects/radon_monitor/data/hourly_tests/tests_12-22-2021_0750.png,,,,,,,
470,2021-12-22 08:51:00,/Volumes/wellington/projects/radon_monitor/data/hourly_tests/tests_12-22-2021_0851.png,,,,,,,
471,2021-12-22 09:52:00,/Volumes/wellington/projects/radon_monitor/data/hourly_tests/tests_12-22-2021_0952.png,,,,,,,
472,2021-12-22 10:53:00,/Volumes/wellington/projects/radon_monitor/data/hourly_tests/tests_12-22-2021_1053.png,,,,,,,
473,2021-12-22 11:54:00,/Volumes/wellington/projects/radon_monitor/data/hourly_tests/tests_12-22-2021_1154.png,,,,,,,
474,2021-12-22 12:55:00,/Volumes/wellington/projects/radon_monitor/data/hourly_tests/tests_12-22-2021_1255.png,,,,,,,
475,2021-12-22 13:56:00,/Volumes/wellington/projects/radon_monitor/data/hourly_tests/tests_12-22-2021_1356.png,,,,,,,
476,2021-12-22 14:57:00,/Volumes/wellington/projects/radon_monitor/data/hourly_tests/tests_12-22-2021_1457.png,,,,,,,
477,2021-12-22 15:58:00,/Volumes/wellington/projects/radon_monitor/data/hourly_tests/tests_12-22-2021_1558.png,,,,,,,
478,2021-12-22 16:59:00,/Volumes/wellington/projects/radon_monitor/data/hourly_tests/tests_12-22-2021_1659.png,,,,,,,
479,2021-12-22 17:59:00,/Volumes/wellington/projects/radon_monitor/data/hourly_tests/tests_12-22-2021_1759.png,,,,,,,
480,2021-12-22 19:00:00,/Volumes/wellington/projects/radon_monitor/data/hourly_tests/tests_12-22-2021_1900.png,,,,,,,
481,2021-12-22 20:01:00,/Volumes/wellington/projects/radon_monitor/data/hourly_tests/tests_12-22-2021_2001.png,,,,,,,
482,2021-12-22 21:02:00,/Volumes/wellington/projects/radon_monitor/data/hourly_tests/tests_12-22-2021_2102.png,,,,,,,
483,2021-12-22 22:03:00,/Volumes/wellington/projects/radon_monitor/data/hourly_tests/tests_12-22-2021_2203.png,,,,,,,
484,2021-12-22 23:04:00,/Volumes/wellington/projects/radon_monitor/data/hourly_tests/tests_12-22-2021_2304.png,,,,,,,
485,2021-12-23 00:05:00,/Volumes/wellington/projects/radon_monitor/data/hourly_tests/tests_12-23-2021_0005.png,,,,,,,
486,2021-12-23 01:06:00,/Volumes/wellington/projects/radon_monitor/data/hourly_tests/tests_12-23-2021_0106.png,,,,,,,
487,2021-12-23 02:07:00,/Volumes/wellington/projects/radon_monitor/data/hourly_tests/tests_12-23-2021_0207.png,,,,,,,
488,2021-12-23 03:08:00,/Volumes/wellington/projects/radon_monitor/data/hourly_tests/tests_12-23-2021_0308.png,,,,,,,
489,2021-12-23 04:09:00,/Volumes/wellington/projects/radon_monitor/data/hourly_tests/tests_12-23-2021_0409.png,,,,,,,
490,2021-12-23 05:10:00,/Volumes/wellington/projects/radon_monitor/data/hourly_tests/tests_12-23-2021_0510.png,,,,,,,
491,2021-12-23 06:11:00,/Volumes/wellington/projects/radon_monitor/data/hourly_tests/tests_12-23-2021_0611.png,,,,,,,
492,2021-12-23 07:12:00,/Volumes/wellington/projects/radon_monitor/data/hourly_tests/tests_12-23-2021_0712.png,,,,,,,
493,2021-12-23 08:13:00,/Volumes/wellington/projects/radon_monitor/data/hourly_tests/tests_12-23-2021_0813.png,,,,,,,
494,2021-12-23 09:13:00,/Volumes/wellington/projects/radon_monitor/data/hourly_tests/tests_12-23-2021_0913.png,,,,,,,
495,2021-12-23 10:14:00,/Volumes/wellington/projects/radon_monitor/data/hourly_tests/tests_12-23-2021_1014.png,,,,,,,
496,2021-12-23 11:15:00,/Volumes/wellington/projects/radon_monitor/data/hourly_tests/tests_12-23-2021_1115.png,,,,,,,
497,2021-12-23 12:16:00,/Volumes/wellington/projects/radon_monitor/data/hourly_tests/tests_12-23-2021_1216.png,,,,,,,
498,2021-12-23 13:17:00,/Volumes/wellington/projects/radon_monitor/data/hourly_tests/tests_12-23-2021_1317.png,,,,,,,
499,2021-12-23 14:18:00,/Volumes/wellington/projects/radon_monitor/data/hourly_tests/tests_12-23-2021_1418.png,,,,,,,
500,2021-12-23 15:19:00,/Volumes/wellington/projects/radon_monitor/data/hourly_tests/tests_12-23-2021_1519.png,,,,,,,
501,2021-12-23 16:20:00,/Volumes/wellington/projects/radon_monitor/data/hourly_tests/tests_12-23-2021_1620.png,,,,,,,
502,2021-12-23 17:21:00,/Volumes/wellington/projects/radon_monitor/data/hourly_tests/tests_12-23-2021_1721.png,,,,,,,
503,2021-12-23 18:22:00,/Volumes/wellington/projects/radon_monitor/data/hourly_tests/tests_12-23-2021_1822.png,,,,,,,
504,2021-12-23 19:23:00,/Volumes/wellington/projects/radon_monitor/data/hourly_tests/tests_12-23-2021_1923.png,,,,,,,
505,2021-12-23 20:24:00,/Volumes/wellington/projects/radon_monitor/data/hourly_tests/tests_12-23-2021_2024.png,,,,,,,
506,2021-12-23 21:25:00,/Volumes/wellington/projects/radon_monitor/data/hourly_tests/tests_12-23-2021_2125.png,,,,,,,
507,2021-12-23 22:26:00,/Volumes/wellington/projects/radon_monitor/data/hourly_tests/tests_12-23-2021_2226.png,,,,,,,
508,2021-12-23 23:27:00,/Volumes/wellington/projects/radon_monitor/data/hourly_tests/tests_12-23-2021_2327.png,,,,,,,
509,2021-12-24 00:28:00,/Volumes/wellington/projects/radon_monitor/data/hourly_tests/tests_12-24-2021_0028.png,,,,,,,
510,2021-12-24 01:28:00,/Volumes/wellington/projects/radon_monitor/data/hourly_tests/tests_12-24-2021_0128.png,,,,,,,
511,2021-12-24 02:29:00,/Volumes/wellington/projects/radon_monitor/data/hourly_tests/tests_12-24-2021_0229.png,,,,,,,
512,2021-12-24 03:30:00,/Volumes/wellington/projects/radon_monitor/data/hourly_tests/tests_12-24-2021_0330.png,,,,,,,
513,2021-12-24 04:31:00,/Volumes/wellington/projects/radon_monitor/data/hourly_tests/tests_12-24-2021_0431.png,,,,,,,
514,2021-12-24 05:32:00,/Volumes/wellington/projects/radon_monitor/data/hourly_tests/tests_12-24-2021_0532.png,,,,,,,
515,2021-12-24 06:33:00,/Volumes/wellington/projects/radon_monitor/data/hourly_tests/tests_12-24-2021_0633.png,,,,,,,
516,2021-12-24 07:34:00,/Volumes/wellington/projects/radon_monitor/data/hourly_tests/tests_12-24-2021_0734.png,,,,,,,
517,2021-12-24 08:35:00,/Volumes/wellington/projects/radon_monitor/data/hourly_tests/tests_12-24-2021_0835.png,,,,,,,
518,2021-12-24 09:36:00,/Volumes/wellington/projects/radon_monitor/data/hourly_tests/tests_12-24-2021_0936.png,,,,,,,
519,2021-12-24 10:37:00,/Volumes/wellington/projects/radon_monitor/data/hourly_tests/tests_12-24-2021_1037.png,,,,,,,
520,2021-12-24 11:38:00,/Volumes/wellington/projects/radon_monitor/data/hourly_tests/tests_12-24-2021_1138.png,,,,,,,
521,2021-12-24 12:39:00,/Volumes/wellington/projects/radon_monitor/data/hourly_tests/tests_12-24-2021_1239.png,,,,,,,
522,2021-12-24 13:40:00,/Volumes/wellington/projects/radon_monitor/data/hourly_tests/tests_12-24-2021_1340.png,,,,,,,
523,2021-12-24 14:41:00,/Volumes/wellington/projects/radon_monitor/data/hourly_tests/tests_12-24-2021_1441.png,,,,,,,
524,2021-12-24 15:42:00,/Volumes/wellington/projects/radon_monitor/data/hourly_tests/tests_12-24-2021_1542.png,,,,,,,
525,2021-12-24 16:42:00,/Volumes/wellington/projects/radon_monitor/data/hourly_tests/tests_12-24-2021_1642.png,,,,,,,
526,2021-12-24 17:43:00,/Volumes/wellington/projects/radon_monitor/data/hourly_tests/tests_12-24-2021_1743.png,,,,,,,
527,2021-12-24 18:44:00,/Volumes/wellington/projects/radon_monitor/data/hourly_tests/tests_12-24-2021_1844.png,,,,,,,
528,2021-12-24 19:45:00,/Volumes/wellington/projects/radon_monitor/data/hourly_tests/tests_12-24-2021_1945.png,,,,,,,
529,2021-12-24 20:46:00,/Volumes/wellington/projects/radon_monitor/data/hourly_tests/tests_12-24-2021_2046.png,,,,,,,
530,2021-12-24 21:47:00,/Volumes/wellington/projects/radon_monitor/data/hourly_tests/tests_12-24-2021_2147.png,,,,,,,
531,2021-12-24 22:48:00,/Volumes/wellington/projects/radon_monitor/data/hourly_tests/tests_12-24-2021_2248.png,,,,,,,
532,2021-12-24 23:49:00,/Volumes/wellington/projects/radon_monitor/data/hourly_tests/tests_12-24-2021_2349.png,,,,,,,
533,2021-12-25 00:50:00,/Volumes/wellington/projects/radon_monitor/data/hourly_tests/tests_12-25-2021_0050.png,,,,,,,
534,2021-12-25 01:51:00,/Volumes/wellington/projects/radon_monitor/data/hourly_tests/tests_12-25-2021_0151.png,,,,,,,
535,2021-12-25 02:52:00,/Volumes/wellington/projects/radon_monitor/data/hourly_tests/tests_12-25-2021_0252.png,,,,,,,
536,2021-12-25 03:53:00,/Volumes/wellington/projects/radon_monitor/data/hourly_tests/tests_12-25-2021_0353.png,,,,,,,
537,2021-12-25 04:54:00,/Volumes/wellington/projects/radon_monitor/data/hourly_tests/tests_12-25-2021_0454.png,,,,,,,
538,2021-12-25 05:55:00,/Volumes/wellington/projects/radon_monitor/data/hourly_tests/tests_12-25-2021_0555.png,,,,,,,
539,2021-12-25 06:56:00,/Volumes/wellington/projects/radon_monitor/data/hourly_tests/tests_12-25-2021_0656.png,,,,,,,
540,2021-12-25 07:56:00,/Volumes/wellington/projects/radon_monitor/data/hourly_tests/tests_12-25-2021_0756.png,,,,,,,
541,2021-12-25 08:57:00,/Volumes/wellington/projects/radon_monitor/data/hourly_tests/tests_12-25-2021_0857.png,,,,,,,
542,2021-12-25 09:58:00,/Volumes/wellington/projects/radon_monitor/data/hourly_tests/tests_12-25-2021_0958.png,,,,,,,
543,2021-12-25 11:00:00,/Volumes/wellington/projects/radon_monitor/data/hourly_tests/tests_12-25-2021_1100.png,,,,,,,
544,2021-12-25 12:00:00,/Volumes/wellington/projects/radon_monitor/data/hourly_tests/tests_12-25-2021_1200.png,,,,,,,
545,2021-12-25 13:01:00,/Volumes/wellington/projects/radon_monitor/data/hourly_tests/tests_12-25-2021_1301.png,,,,,,,
546,2021-12-25 14:03:00,/Volumes/wellington/projects/radon_monitor/data/hourly_tests/tests_12-25-2021_1403.png,,,,,,,
547,2021-12-25 15:04:00,/Volumes/wellington/projects/radon_monitor/data/hourly_tests/tests_12-25-2021_1504.png,,,,,,,
548,2021-12-25 16:04:00,/Volumes/wellington/projects/radon_monitor/data/hourly_tests/tests_12-25-2021_1604.png,,,,,,,
549,2021-12-25 17:05:00,/Volumes/wellington/projects/radon_monitor/data/hourly_tests/tests_12-25-2021_1705.png,,,,,,,
550,2021-12-25 18:07:00,/Volumes/wellington/projects/radon_monitor/data/hourly_tests/tests_12-25-2021_1807.png,,,,,,,
551,2021-12-25 19:08:00,/Volumes/wellington/projects/radon_monitor/data/hourly_tests/tests_12-25-2021_1908.png,,,,,,,
552,2021-12-25 20:08:00,/Volumes/wellington/projects/radon_monitor/data/hourly_tests/tests_12-25-2021_2008.png,,,,,,,
553,2021-12-25 21:09:00,/Volumes/wellington/projects/radon_monitor/data/hourly_tests/tests_12-25-2021_2109.png,,,,,,,
554,2021-12-25 22:10:00,/Volumes/wellington/projects/radon_monitor/data/hourly_tests/tests_12-25-2021_2210.png,,,,,,,
555,2021-12-25 23:11:00,/Volumes/wellington/projects/radon_monitor/data/hourly_tests/tests_12-25-2021_2311.png,,,,,,,
556,2021-12-26 00:12:00,/Volumes/wellington/projects/radon_monitor/data/hourly_tests/tests_12-26-2021_0012.png,,,,,,,
557,2021-12-26 01:13:00,/Volumes/wellington/projects/radon_monitor/data/hourly_tests/tests_12-26-2021_0113.png,,,,,,,
558,2021-12-26 02:14:00,/Volumes/wellington/projects/radon_monitor/data/hourly_tests/tests_12-26-2021_0214.png,,,,,,,
559,2021-12-26 03:15:00,/Volumes/wellington/projects/radon_monitor/data/hourly_tests/tests_12-26-2021_0315.png,,,,,,,
560,2021-12-26 04:16:00,/Volumes/wellington/projects/radon_monitor/data/hourly_tests/tests_12-26-2021_0416.png,,,,,,,
561,2021-12-26 05:17:00,/Volumes/wellington/projects/radon_monitor/data/hourly_tests/tests_12-26-2021_0517.png,,,,,,,
562,2021-12-26 06:18:00,/Volumes/wellington/projects/radon_monitor/data/hourly_tests/tests_12-26-2021_0618.png,,,,,,,
563,2021-12-26 07:19:00,/Volumes/wellington/projects/radon_monitor/data/hourly_tests/tests_12-26-2021_0719.png,,,,,,,
564,2021-12-26 08:20:00,/Volumes/wellington/projects/radon_monitor/data/hourly_tests/tests_12-26-2021_0820.png,,,,,,,
565,2021-12-26 09:21:00,/Volumes/wellington/projects/radon_monitor/data/hourly_tests/tests_12-26-2021_0921.png,,,,,,,
566,2021-12-26 10:22:00,/Volumes/wellington/projects/radon_monitor/data/hourly_tests/tests_12-26-2021_1022.png,,,,,,,
567,2021-12-26 11:23:00,/Volumes/wellington/projects/radon_monitor/data/hourly_tests/tests_12-26-2021_1123.png,,,,,,,
568,2021-12-26 12:24:00,/Volumes/wellington/projects/radon_monitor/data/hourly_tests/tests_12-26-2021_1224.png,,,,,,,
569,2021-12-26 13:25:00,/Volumes/wellington/projects/radon_monitor/data/hourly_tests/tests_12-26-2021_1325.png,,,,,,,
570,2021-12-26 14:26:00,/Volumes/wellington/projects/radon_monitor/data/hourly_tests/tests_12-26-2021_1426.png,,,,,,,
571,2021-12-26 15:27:00,/Volumes/wellington/projects/radon_monitor/data/hourly_tests/tests_12-26-2021_1527.png,,,,,,,
572,2021-12-26 16:27:00,/Volumes/wellington/projects/radon_monitor/data/hourly_tests/tests_12-26-2021_1627.png,,,,,,,
573,2021-12-26 17:28:00,/Volumes/wellington/projects/radon_monitor/data/hourly_tests/tests_12-26-2021_1728.png,,,,,,,
574,2021-12-26 18:29:00,/Volumes/wellington/projects/radon_monitor/data/hourly_tests/tests_12-26-2021_1829.png,,,,,,,
575,2021-12-26 19:30:00,/Volumes/wellington/projects/radon_monitor/data/hourly_tests/tests_12-26-2021_1930.png,,,,,,,
576,2021-12-26 20:31:00,/Volumes/wellington/projects/radon_monitor/data/hourly_tests/tests_12-26-2021_2031.png,,,,,,,
577,2021-12-26 21:32:00,/Volumes/wellington/projects/radon_monitor/data/hourly_tests/tests_12-26-2021_2132.png,,,,,,,
578,2021-12-26 22:33:00,/Volumes/wellington/projects/radon_monitor/data/hourly_tests/tests_12-26-2021_2233.png,,,,,,,
579,2021-12-26 23:34:00,/Volumes/wellington/projects/radon_monitor/data/hourly_tests/tests_12-26-2021_2334.png,,,,,,,
580,2021-12-27 00:35:00,/Volumes/wellington/projects/radon_monitor/data/hourly_tests/tests_12-27-2021_0035.png,,,,,,,
581,2021-12-27 01:36:00,/Volumes/wellington/projects/radon_monitor/data/hourly_tests/tests_12-27-2021_0136.png,,,,,,,
582,2021-12-27 02:37:00,/Volumes/wellington/projects/radon_monitor/data/hourly_tests/tests_12-27-2021_0237.png,,,,,,,
583,2021-12-27 03:38:00,/Volumes/wellington/projects/radon_monitor/data/hourly_tests/tests_12-27-2021_0338.png,,,,,,,
584,2021-12-27 04:39:00,/Volumes/wellington/projects/radon_monitor/data/hourly_tests/tests_12-27-2021_0439.png,,,,,,,
585,2021-12-27 05:40:00,/Volumes/wellington/projects/radon_monitor/data/hourly_tests/tests_12-27-2021_0540.png,,,,,,,
586,2021-12-27 06:41:00,/Volumes/wellington/projects/radon_monitor/data/hourly_tests/tests_12-27-2021_0641.png,,,,,,,
587,2021-12-27 07:42:00,/Volumes/wellington/projects/radon_monitor/data/hourly_tests/tests_12-27-2021_0742.png,,,,,,,
588,2021-12-27 08:43:00,/Volumes/wellington/projects/radon_monitor/data/hourly_tests/tests_12-27-2021_0843.png,,,,,,,
589,2021-12-27 09:43:00,/Volumes/wellington/projects/radon_monitor/data/hourly_tests/tests_12-27-2021_0943.png,,,,,,,
590,2021-12-27 10:44:00,/Volumes/wellington/projects/radon_monitor/data/hourly_tests/tests_12-27-2021_1044.png,,,,,,,
591,2021-12-27 11:45:00,/Volumes/wellington/projects/radon_monitor/data/hourly_tests/tests_12-27-2021_1145.png,,,,,,,
592,2021-12-27 12:46:00,/Volumes/wellington/projects/radon_monitor/data/hourly_tests/tests_12-27-2021_1246.png,,,,,,,
593,2021-12-27 13:47:00,/Volumes/wellington/projects/radon_monitor/data/hourly_tests/tests_12-27-2021_1347.png,,,,,,,
594,2021-12-27 14:48:00,/Volumes/wellington/projects/radon_monitor/data/hourly_tests/tests_12-27-2021_1448.png,,,,,,,
595,2021-12-27 15:49:00,/Volumes/wellington/projects/radon_monitor/data/hourly_tests/tests_12-27-2021_1549.png,,,,,,,
596,2021-12-27 16:50:00,/Volumes/wellington/projects/radon_monitor/data/hourly_tests/tests_12-27-2021_1650.png,,,,,,,
597,2021-12-27 17:51:00,/Volumes/wellington/projects/radon_monitor/data/hourly_tests/tests_12-27-2021_1751.png,,,,,,,
598,2021-12-27 18:52:00,/Volumes/wellington/projects/radon_monitor/data/hourly_tests/tests_12-27-2021_1852.png,,,,,,,
599,2021-12-27 19:53:00,/Volumes/wellington/projects/radon_monitor/data/hourly_tests/tests_12-27-2021_1953.png,,,,,,,
600,2021-12-27 20:54:00,/Volumes/wellington/projects/radon_monitor/data/hourly_tests/tests_12-27-2021_2054.png,,,,,,,
601,2021-12-27 21:55:00,/Volumes/wellington/projects/radon_monitor/data/hourly_tests/tests_12-27-2021_2155.png,,,,,,,
602,2021-12-27 22:55:00,/Volumes/wellington/projects/radon_monitor/data/hourly_tests/tests_12-27-2021_2255.png,,,,,,,
603,2021-12-27 23:57:00,/Volumes/wellington/projects/radon_monitor/data/hourly_tests/tests_12-27-2021_2357.png,,,,,,,
604,2021-12-28 00:58:00,/Volumes/wellington/projects/radon_monitor/data/hourly_tests/tests_12-28-2021_0058.png,,,,,,,
605,2021-12-28 01:58:00,/Volumes/wellington/projects/radon_monitor/data/hourly_tests/tests_12-28-2021_0158.png,,,,,,,
606,2021-12-28 02:59:00,/Volumes/wellington/projects/radon_monitor/data/hourly_tests/tests_12-28-2021_0259.png,,,,,,,
607,2021-12-28 04:00:00,/Volumes/wellington/projects/radon_monitor/data/hourly_tests/tests_12-28-2021_0400.png,,,,,,,
608,2021-12-28 05:01:00,/Volumes/wellington/projects/radon_monitor/data/hourly_tests/tests_12-28-2021_0501.png,,,,,,,
609,2021-12-28 06:02:00,/Volumes/wellington/projects/radon_monitor/data/hourly_tests/tests_12-28-2021_0602.png,,,,,,,
610,2021-12-28 07:03:00,/Volumes/wellington/projects/radon_monitor/data/hourly_tests/tests_12-28-2021_0703.png,,,,,,,
611,2021-12-28 08:04:00,/Volumes/wellington/projects/radon_monitor/data/hourly_tests/tests_12-28-2021_0804.png,,,,,,,
612,2021-12-31 16:12:00,/Volumes/wellington/projects/radon_monitor/data/hourly_tests/tests_12-31-2021_1612.png,,,,,,,
613,2021-12-31 17:13:00,/Volumes/wellington/projects/radon_monitor/data/hourly_tests/tests_12-31-2021_1713.png,,,,,,,
614,2021-12-31 18:14:00,/Volumes/wellington/projects/radon_monitor/data/hourly_tests/tests_12-31-2021_1814.png,,,,,,,
615,2021-12-31 19:15:00,/Volumes/wellington/projects/radon_monitor/data/hourly_tests/tests_12-31-2021_1915.png,,,,,,,
616,2021-12-31 20:16:00,/Volumes/wellington/projects/radon_monitor/data/hourly_tests/tests_12-31-2021_2016.png,,,,,,,
617,2021-12-31 21:17:00,/Volumes/wellington/projects/radon_monitor/data/hourly_tests/tests_12-31-2021_2117.png,,,,,,,
618,2021-12-31 22:17:00,/Volumes/wellington/projects/radon_monitor/data/hourly_tests/tests_12-31-2021_2217.png,,,,,,,
619,2021-12-31 23:18:00,/Volumes/wellington/projects/radon_monitor/data/hourly_tests/tests_12-31-2021_2318.png,,,,,,,
620,2022-01-01 00:19:00,/Volumes/wellington/projects/radon_monitor/data/hourly_tests/tests_01-01-2022_0019.png,,,,,,,
621,2022-01-01 01:20:00,/Volumes/wellington/projects/radon_monitor/data/hourly_tests/tests_01-01-2022_0120.png,,,,,,,
622,2022-01-01 02:21:00,/Volumes/wellington/projects/radon_monitor/data/hourly_tests/tests_01-01-2022_0221.png,,,,,,,
623,2022-01-01 03:22:00,/Volumes/wellington/projects/radon_monitor/data/hourly_tests/tests_01-01-2022_0322.png,,,,,,,
624,2022-01-01 04:23:00,/Volumes/wellington/projects/radon_monitor/data/hourly_tests/tests_01-01-2022_0423.png,,,,,,,
625,2022-01-01 05:24:00,/Volumes/wellington/projects/radon_monitor/data/hourly_tests/tests_01-01-2022_0524.png,,,,,,,
626,2022-01-01 06:25:00,/Volumes/wellington/projects/radon_monitor/data/hourly_tests/tests_01-01-2022_0625.png,,,,,,,
627,2022-01-01 07:26:00,/Volumes/wellington/projects/radon_monitor/data/hourly_tests/tests_01-01-2022_0726.png,,,,,,,
628,2022-01-01 08:27:00,/Volumes/wellington/projects/radon_monitor/data/hourly_tests/tests_01-01-2022_0827.png,,,,,,,
629,2022-01-01 09:28:00,/Volumes/wellington/projects/radon_monitor/data/hourly_tests/tests_01-01-2022_0928.png,,,,,,,
630,2022-01-01 10:29:00,/Volumes/wellington/projects/radon_monitor/data/hourly_tests/tests_01-01-2022_1029.png,,,,,,,
631,2022-01-01 11:30:00,/Volumes/wellington/projects/radon_monitor/data/hourly_tests/tests_01-01-2022_1130.png,,,,,,,
632,2022-01-01 12:31:00,/Volumes/wellington/projects/radon_monitor/data/hourly_tests/tests_01-01-2022_1231.png,,,,,,,
633,2022-01-01 13:31:00,/Volumes/wellington/projects/radon_monitor/data/hourly_tests/tests_01-01-2022_1331.png,,,,,,,
634,2022-01-01 14:32:00,/Volumes/wellington/projects/radon_monitor/data/hourly_tests/tests_01-01-2022_1432.png,,,,,,,
635,2022-01-01 15:33:00,/Volumes/wellington/projects/radon_monitor/data/hourly_tests/tests_01-01-2022_1533.png,,,,,,,
636,2022-01-01 16:34:00,/Volumes/wellington/projects/radon_monitor/data/hourly_tests/tests_01-01-2022_1634.png,,,,,,,
637,2022-01-01 17:35:00,/Volumes/wellington/projects/radon_monitor/data/hourly_tests/tests_01-01-2022_1735.png,,,,,,,
638,2022-01-01 18:36:00,/Volumes/wellington/projects/radon_monitor/data/hourly_tests/tests_01-01-2022_1836.png,,,,,,,
639,2022-01-01 19:37:00,/Volumes/wellington/projects/radon_monitor/data/hourly_tests/tests_01-01-2022_1937.png,,,,,,,
640,2022-01-01 20:38:00,/Volumes/wellington/projects/radon_monitor/data/hourly_tests/tests_01-01-2022_2038.png,,,,,,,
641,2022-01-01 21:39:00,/Volumes/wellington/projects/radon_monitor/data/hourly_tests/tests_01-01-2022_2139.png,,,,,,,
642,2022-01-01 22:40:00,/Volumes/wellington/projects/radon_monitor/data/hourly_tests/tests_01-01-2022_2240.png,,,,,,,
643,2022-01-01 23:41:00,/Volumes/wellington/projects/radon_monitor/data/hourly_tests/tests_01-01-2022_2341.png,,,,,,,
644,2022-01-02 00:42:00,/Volumes/wellington/projects/radon_monitor/data/hourly_tests/tests_01-02-2022_0042.png,,,,,,,
645,2022-01-02 01:43:00,/Volumes/wellington/projects/radon_monitor/data/hourly_tests/tests_01-02-2022_0143.png,,,,,,,
646,2022-01-02 02:44:00,/Volumes/wellington/projects/radon_monitor/data/hourly_tests/tests_01-02-2022_0244.png,,,,,,,
647,2022-01-02 03:44:00,/Volumes/wellington/projects/radon_monitor/data/hourly_tests/tests_01-02-2022_0344.png,,,,,,,
648,2022-01-02 04:45:00,/Volumes/wellington/projects/radon_monitor/data/hourly_tests/tests_01-02-2022_0445.png,,,,,,,
649,2022-01-02 05:46:00,/Volumes/wellington/projects/radon_monitor/data/hourly_tests/tests_01-02-2022_0546.png,,,,,,,
650,2022-01-02 06:47:00,/Volumes/wellington/projects/radon_monitor/data/hourly_tests/tests_01-02-2022_0647.png,,,,,,,
651,2022-01-02 07:48:00,/Volumes/wellington/projects/radon_monitor/data/hourly_tests/tests_01-02-2022_0748.png,,,,,,,
652,2022-01-02 08:49:00,/Volumes/wellington/projects/radon_monitor/data/hourly_tests/tests_01-02-2022_0849.png,,,,,,,
653,2022-01-02 09:50:00,/Volumes/wellington/projects/radon_monitor/data/hourly_tests/tests_01-02-2022_0950.png,,,,,,,
654,2022-01-02 10:51:00,/Volumes/wellington/projects/radon_monitor/data/hourly_tests/tests_01-02-2022_1051.png,,,,,,,
655,2022-01-02 11:52:00,/Volumes/wellington/projects/radon_monitor/data/hourly_tests/tests_01-02-2022_1152.png,,,,,,,
656,2022-01-02 12:53:00,/Volumes/wellington/projects/radon_monitor/data/hourly_tests/tests_01-02-2022_1253.png,,,,,,,
657,2022-01-02 13:54:00,/Volumes/wellington/projects/radon_monitor/data/hourly_tests/tests_01-02-2022_1354.png,,,,,,,
658,2022-01-02 14:55:00,/Volumes/wellington/projects/radon_monitor/data/hourly_tests/tests_01-02-2022_1455.png,,,,,,,
659,2022-01-02 15:56:00,/Volumes/wellington/projects/radon_monitor/data/hourly_tests/tests_01-02-2022_1556.png,,,,,,,
660,2022-01-02 16:57:00,/Volumes/wellington/projects/radon_monitor/data/hourly_tests/tests_01-02-2022_1657.png,,,,,,,
661,2022-01-02 17:57:00,/Volumes/wellington/projects/radon_monitor/data/hourly_tests/tests_01-02-2022_1757.png,,,,,,,
662,2022-01-02 18:58:00,/Volumes/wellington/projects/radon_monitor/data/hourly_tests/tests_01-02-2022_1858.png,,,,,,,
663,2022-01-02 19:59:00,/Volumes/wellington/projects/radon_monitor/data/hourly_tests/tests_01-02-2022_1959.png,,,,,,,
664,2022-01-02 21:00:00,/Volumes/wellington/projects/radon_monitor/data/hourly_tests/tests_01-02-2022_2100.png,,,,,,,
665,2022-01-02 22:01:00,/Volumes/wellington/projects/radon_monitor/data/hourly_tests/tests_01-02-2022_2201.png,,,,,,,
666,2022-01-02 23:02:00,/Volumes/wellington/projects/radon_monitor/data/hourly_tests/tests_01-02-2022_2302.png,,,,,,,
667,2022-01-03 00:03:00,/Volumes/wellington/projects/radon_monitor/data/hourly_tests/tests_01-03-2022_0003.png,,,,,,,
668,2022-01-03 01:04:00,/Volumes/wellington/projects/radon_monitor/data/hourly_tests/tests_01-03-2022_0104.png,,,,,,,
669,2022-01-03 02:05:00,/Volumes/wellington/projects/radon_monitor/data/hourly_tests/tests_01-03-2022_0205.png,,,,,,,
670,2022-01-03 03:06:00,/Volumes/wellington/projects/radon_monitor/data/hourly_tests/tests_01-03-2022_0306.png,,,,,,,
671,2022-01-03 04:07:00,/Volumes/wellington/projects/radon_monitor/data/hourly_tests/tests_01-03-2022_0407.png,,,,,,,
672,2022-01-03 05:08:00,/Volumes/wellington/projects/radon_monitor/data/hourly_tests/tests_01-03-2022_0508.png,,,,,,,
673,2022-01-03 06:09:00,/Volumes/wellington/projects/radon_monitor/data/hourly_tests/tests_01-03-2022_0609.png,,,,,,,
674,2022-01-03 07:10:00,/Volumes/wellington/projects/radon_monitor/data/hourly_tests/tests_01-03-2022_0710.png,,,,,,,
675,2022-01-03 08:11:00,/Volumes/wellington/projects/radon_monitor/data/hourly_tests/tests_01-03-2022_0811.png,,,,,,,
676,2022-01-03 09:12:00,/Volumes/wellington/projects/radon_monitor/data/hourly_tests/tests_01-03-2022_0912.png,,,,,,,
677,2022-01-03 10:12:00,/Volumes/wellington/projects/radon_monitor/data/hourly_tests/tests_01-03-2022_1012.png,,,,,,,
678,2022-01-03 11:13:00,/Volumes/wellington/projects/radon_monitor/data/hourly_tests/tests_01-03-2022_1113.png,,,,,,,
679,2022-01-03 12:14:00,/Volumes/wellington/projects/radon_monitor/data/hourly_tests/tests_01-03-2022_1214.png,,,,,,,
680,2022-01-03 13:15:00,/Volumes/wellington/projects/radon_monitor/data/hourly_tests/tests_01-03-2022_1315.png,,,,,,,
681,2022-01-03 14:16:00,/Volumes/wellington/projects/radon_monitor/data/hourly_tests/tests_01-03-2022_1416.png,,,,,,,
682,2022-01-03 17:18:00,/Volumes/wellington/projects/radon_monitor/data/hourly_tests/tests_01-03-2022_1718.png,,,,,,,
683,2022-01-03 18:19:00,/Volumes/wellington/projects/radon_monitor/data/hourly_tests/tests_01-03-2022_1819.png,,,,,,,
684,2022-01-03 19:20:00,/Volumes/wellington/projects/radon_monitor/data/hourly_tests/tests_01-03-2022_1920.png,,,,,,,
685,2022-01-03 20:21:00,/Volumes/wellington/projects/radon_monitor/data/hourly_tests/tests_01-03-2022_2021.png,,,,,,,
686,2022-01-03 21:22:00,/Volumes/wellington/projects/radon_monitor/data/hourly_tests/tests_01-03-2022_2122.png,,,,,,,
687,2022-01-03 22:23:00,/Volumes/wellington/projects/radon_monitor/data/hourly_tests/tests_01-03-2022_2223.png,,,,,,,
688,2022-01-03 23:24:00,/Volumes/wellington/projects/radon_monitor/data/hourly_tests/tests_01-03-2022_2324.png,,,,,,,
689,2022-01-04 00:25:00,/Volumes/wellington/projects/radon_monitor/data/hourly_tests/tests_01-04-2022_0025.png,,,,,,,
690,2022-01-04 01:26:00,/Volumes/wellington/projects/radon_monitor/data/hourly_tests/tests_01-04-2022_0126.png,,,,,,,
691,2022-01-04 02:27:00,/Volumes/wellington/projects/radon_monitor/data/hourly_tests/tests_01-04-2022_0227.png,,,,,,,
692,2022-01-04 03:27:00,/Volumes/wellington/projects/radon_monitor/data/hourly_tests/tests_01-04-2022_0327.png,,,,,,,
693,2022-01-04 04:28:00,/Volumes/wellington/projects/radon_monitor/data/hourly_tests/tests_01-04-2022_0428.png,,,,,,,
694,2022-01-04 05:29:00,/Volumes/wellington/projects/radon_monitor/data/hourly_tests/tests_01-04-2022_0529.png,,,,,,,
695,2022-01-04 06:30:00,/Volumes/wellington/projects/radon_monitor/data/hourly_tests/tests_01-04-2022_0630.png,,,,,,,
696,2022-01-04 07:31:00,/Volumes/wellington/projects/radon_monitor/data/hourly_tests/tests_01-04-2022_0731.png,,,,,,,
697,2022-01-04 08:32:00,/Volumes/wellington/projects/radon_monitor/data/hourly_tests/tests_01-04-2022_0832.png,,,,,,,
698,2022-01-04 09:33:00,/Volumes/wellington/projects/radon_monitor/data/hourly_tests/tests_01-04-2022_0933.png,,,,,,,
699,2022-01-04 10:34:00,/Volumes/wellington/projects/radon_monitor/data/hourly_tests/tests_01-04-2022_1034.png,,,,,,,
700,2022-01-04 11:35:00,/Volumes/wellington/projects/radon_monitor/data/hourly_tests/tests_01-04-2022_1135.png,,,,,,,
701,2022-01-04 12:36:00,/Volumes/wellington/projects/radon_monitor/data/hourly_tests/tests_01-04-2022_1236.png,,,,,,,
702,2022-01-04 13:37:00,/Volumes/wellington/projects/radon_monitor/data/hourly_tests/tests_01-04-2022_1337.png,,,,,,,
703,2022-01-04 14:38:00,/Volumes/wellington/projects/radon_monitor/data/hourly_tests/tests_01-04-2022_1438.png,,,,,,,
704,2022-01-04 15:39:00,/Volumes/wellington/projects/radon_monitor/data/hourly_tests/tests_01-04-2022_1539.png,,,,,,,
705,2022-01-04 16:40:00,/Volumes/wellington/projects/radon_monitor/data/hourly_tests/tests_01-04-2022_1640.png,,,,,,,
706,2022-01-04 17:41:00,/Volumes/wellington/projects/radon_monitor/data/hourly_tests/tests_01-04-2022_1741.png,,,,,,,
707,2022-01-04 18:42:00,/Volumes/wellington/projects/radon_monitor/data/hourly_tests/tests_01-04-2022_1842.png,,,,,,,
708,2022-01-04 19:42:00,/Volumes/wellington/projects/radon_monitor/data/hourly_tests/tests_01-04-2022_1942.png,,,,,,,
709,2022-01-04 20:43:00,/Volumes/wellington/projects/radon_monitor/data/hourly_tests/tests_01-04-2022_2043.png,,,,,,,
